-- phpMyAdmin SQL Dump
-- version 5.2.1
-- https://www.phpmyadmin.net/
--
-- Host: 127.0.0.1
-- Generation Time: Apr 08, 2026 at 03:03 PM
-- Server version: 10.4.32-MariaDB
-- PHP Version: 8.2.12

SET SQL_MODE = "NO_AUTO_VALUE_ON_ZERO";
START TRANSACTION;
SET time_zone = "+00:00";


/*!40101 SET @OLD_CHARACTER_SET_CLIENT=@@CHARACTER_SET_CLIENT */;
/*!40101 SET @OLD_CHARACTER_SET_RESULTS=@@CHARACTER_SET_RESULTS */;
/*!40101 SET @OLD_COLLATION_CONNECTION=@@COLLATION_CONNECTION */;
/*!40101 SET NAMES utf8mb4 */;

--
-- Database: `document_processing`
--

-- --------------------------------------------------------

--
-- Table structure for table `account_deletion_requests`
--

CREATE TABLE `account_deletion_requests` (
  `request_id` int(11) NOT NULL,
  `user_id` int(11) NOT NULL,
  `reason` text DEFAULT NULL,
  `requested_at` timestamp NOT NULL DEFAULT current_timestamp(),
  `processed_at` timestamp NULL DEFAULT NULL,
  `status` enum('Pending','Approved','Reactivated','Completed') NOT NULL
) ENGINE=InnoDB DEFAULT CHARSET=utf8mb4 COLLATE=utf8mb4_general_ci;

--
-- Dumping data for table `account_deletion_requests`
--

INSERT INTO `account_deletion_requests` (`request_id`, `user_id`, `reason`, `requested_at`, `processed_at`, `status`) VALUES
(4, 62, NULL, '2026-03-14 09:38:43', '2026-03-14 13:13:05', 'Reactivated'),
(5, 62, NULL, '2026-03-14 13:12:11', '2026-03-14 13:13:05', 'Reactivated'),
(6, 63, NULL, '2026-03-14 15:17:12', '2026-03-14 15:18:04', 'Reactivated');

-- --------------------------------------------------------

--
-- Table structure for table `appointments`
--

CREATE TABLE `appointments` (
  `appointment_id` int(11) NOT NULL,
  `client_id` int(11) NOT NULL,
  `appointment_date` date NOT NULL,
  `appointment_time` time NOT NULL,
  `notes` text DEFAULT NULL,
  `status` enum('pending','approved','completed','cancelled','lapsed') DEFAULT 'pending',
  `created_at` timestamp NOT NULL DEFAULT current_timestamp(),
  `updated_at` timestamp NOT NULL DEFAULT current_timestamp() ON UPDATE current_timestamp(),
  `remarks` varchar(250) DEFAULT NULL
) ENGINE=InnoDB DEFAULT CHARSET=utf8mb4 COLLATE=utf8mb4_general_ci;

--
-- Dumping data for table `appointments`
--

INSERT INTO `appointments` (`appointment_id`, `client_id`, `appointment_date`, `appointment_time`, `notes`, `status`, `created_at`, `updated_at`, `remarks`) VALUES
(17, 39, '2026-03-12', '10:00:00', 'none', 'completed', '2026-02-12 01:52:35', '2026-03-12 08:59:57', 'Appointment completed successfully'),
(18, 41, '2026-02-21', '10:00:00', 'jwnsjbwsywuws', 'completed', '2026-02-17 13:46:48', '2026-02-17 13:55:05', 'Appointment completed successfully'),
(19, 41, '2026-02-20', '10:00:00', 'Iebdebudeuduevd', 'completed', '2026-02-17 23:31:19', '2026-02-17 23:32:37', 'hdijedwujnwd'),
(20, 41, '2026-02-20', '11:00:00', 'dhehdeihdied', 'cancelled', '2026-02-17 23:33:48', '2026-02-17 23:34:36', 'Namali po ako ng pindot'),
(21, 41, '2026-02-27', '14:00:00', 'iwhihdiwhihdiwhdiw', 'completed', '2026-02-17 23:36:23', '2026-02-17 23:37:06', 'Appointment completed successfully'),
(22, 41, '2026-02-20', '09:00:00', 'ehedihehiehdiede', 'completed', '2026-02-17 23:38:45', '2026-02-17 23:39:17', 'kfihwihwihiwhriwh'),
(23, 41, '2026-03-05', '10:00:00', 'fbhhgthj', 'completed', '2026-02-18 00:48:31', '2026-02-18 00:50:02', 'Appointment completed successfully'),
(24, 41, '2026-02-25', '09:00:00', 'knihwidhwdiwhiwdww', 'cancelled', '2026-02-21 23:18:09', '2026-02-22 00:33:28', 'ndeijeidjkmksw'),
(25, 42, '2026-02-26', '10:00:00', 'uhuhuhhuhuhu', 'completed', '2026-02-22 00:30:49', '2026-03-03 02:09:12', 'Appointment completed successfully'),
(26, 41, '2026-02-23', '09:00:00', 'swswswsw', 'lapsed', '2026-02-22 00:33:59', '2026-03-04 23:30:00', 'Automatically lapsed — appointment date passed'),
(27, 39, '2026-03-05', '13:00:00', 'asdf', 'cancelled', '2026-03-03 03:18:37', '2026-03-03 04:36:30', NULL),
(28, 39, '2026-03-05', '10:00:00', 'None', 'completed', '2026-03-03 04:36:56', '2026-03-03 06:48:37', 'Appointment completed successfully'),
(29, 39, '2026-03-05', '10:00:00', 'None', 'lapsed', '2026-03-03 09:29:01', '2026-03-05 07:30:00', 'Automatically lapsed — appointment date passed'),
(30, 39, '2026-11-22', '16:00:00', 'None', 'cancelled', '2026-03-05 15:03:41', '2026-03-12 04:37:49', 'ASDF'),
(31, 42, '2026-03-14', '16:00:00', 'asdfasdf', 'completed', '2026-03-07 00:42:22', '2026-03-07 00:43:26', 'Appointment completed successfully'),
(32, 42, '2026-03-10', '08:00:00', 'None', 'cancelled', '2026-03-07 00:51:02', '2026-03-07 00:53:01', 'asdfasdfasdf'),
(33, 42, '2026-03-11', '14:00:00', 'None', 'completed', '2026-03-07 00:53:15', '2026-03-14 09:23:07', 'Appointment completed successfully'),
(34, 42, '2026-03-11', '14:00:00', 'None', 'completed', '2026-03-07 00:53:15', '2026-03-21 01:12:28', 'Appointment completed successfully'),
(35, 42, '2026-03-11', '14:00:00', 'None', 'cancelled', '2026-03-07 00:53:15', '2026-03-21 03:32:11', 'asdf'),
(36, 42, '2026-03-20', '11:00:00', 'None', 'cancelled', '2026-03-07 01:04:10', '2026-03-21 03:33:40', 'asdf'),
(37, 42, '2026-03-18', '16:00:00', 'None', 'cancelled', '2026-03-07 01:04:29', '2026-03-21 03:47:25', 'Module	Title	Key Skills\n1	Introduction to Data Science	Pipeline, roles, tools, first notebook\n2	Python for Data Science	Types, lists, dicts, loops, functions, files\n3	Data Analysis with Pandas	Select, filter, sort, group, merge, transform\n4	Data Clea'),
(38, 42, '2026-03-11', '10:00:00', 'None', 'approved', '2026-03-07 01:05:08', '2026-03-07 01:05:08', NULL),
(39, 42, '2026-03-11', '10:00:00', 'None', 'cancelled', '2026-03-07 01:06:37', '2026-03-21 03:47:53', 'Module	Title	Key Skills\n1	Introduction to Data Science	Pipeline, roles, tools, first notebook\n2	Python for Data Science	Types, lists, dicts, loops, functions, files\n3	Data Analysis with Pandas	Select, filter, sort, group, merge, transform\n4	Data Clea'),
(40, 39, '2028-11-24', '13:00:00', 'ASDF', 'cancelled', '2026-03-12 04:45:08', '2026-03-14 04:25:09', 'adsfadsfasdfasdf');

-- --------------------------------------------------------

--
-- Table structure for table `appointment_service`
--

CREATE TABLE `appointment_service` (
  `id` int(11) NOT NULL,
  `appointment_id` int(11) NOT NULL,
  `service_id` int(11) NOT NULL
) ENGINE=InnoDB DEFAULT CHARSET=utf8mb4 COLLATE=utf8mb4_general_ci;

--
-- Dumping data for table `appointment_service`
--

INSERT INTO `appointment_service` (`id`, `appointment_id`, `service_id`) VALUES
(35, 17, 13),
(36, 17, 14),
(37, 18, 14),
(38, 19, 13),
(39, 20, 14),
(40, 21, 14),
(41, 22, 15),
(42, 23, 14),
(43, 24, 14),
(44, 25, 14),
(45, 26, 14),
(46, 27, 13),
(47, 27, 14),
(48, 28, 15),
(49, 28, 17),
(50, 29, 15),
(51, 29, 16),
(52, 30, 14),
(53, 30, 15),
(54, 31, 13),
(55, 31, 14),
(56, 31, 16),
(57, 32, 14),
(58, 33, 14),
(59, 33, 16),
(60, 34, 14),
(61, 34, 16),
(62, 35, 14),
(63, 35, 16),
(64, 36, 15),
(65, 36, 16),
(66, 36, 18),
(67, 37, 13),
(68, 37, 14),
(69, 37, 15),
(70, 38, 13),
(71, 38, 14),
(72, 38, 15),
(73, 38, 16),
(74, 38, 17),
(75, 38, 18),
(76, 38, 19),
(77, 39, 13),
(78, 39, 14),
(79, 39, 15),
(80, 39, 16),
(81, 39, 17),
(82, 39, 18),
(83, 39, 19),
(84, 40, 15);

-- --------------------------------------------------------

--
-- Table structure for table `appointment_time_slots`
--

CREATE TABLE `appointment_time_slots` (
  `slot_id` int(11) NOT NULL,
  `appointment_date` date NOT NULL,
  `appointment_time` time NOT NULL,
  `max_capacity` int(11) DEFAULT 3 COMMENT 'Maximum number of appointments allowed for this slot',
  `current_bookings` int(11) DEFAULT 0 COMMENT 'Current number of bookings for this slot',
  `is_available` tinyint(1) DEFAULT 1 COMMENT 'Whether this slot is available for booking',
  `created_at` timestamp NOT NULL DEFAULT current_timestamp(),
  `updated_at` timestamp NOT NULL DEFAULT current_timestamp() ON UPDATE current_timestamp()
) ENGINE=InnoDB DEFAULT CHARSET=utf8mb4 COLLATE=utf8mb4_general_ci COMMENT='Manages time slot capacity for appointments';

--
-- Dumping data for table `appointment_time_slots`
--

INSERT INTO `appointment_time_slots` (`slot_id`, `appointment_date`, `appointment_time`, `max_capacity`, `current_bookings`, `is_available`, `created_at`, `updated_at`) VALUES
(57, '2026-03-14', '01:00:00', 3, 0, 1, '2026-02-12 01:51:27', '2026-03-12 09:00:54'),
(58, '2026-02-14', '10:00:00', 3, 0, 1, '2026-02-12 01:51:27', '2026-02-12 01:51:27'),
(59, '2026-02-14', '11:00:00', 3, 0, 1, '2026-02-12 01:51:27', '2026-02-12 01:51:27'),
(60, '2026-02-14', '13:00:00', 3, 0, 1, '2026-02-12 01:51:27', '2026-02-12 01:51:27'),
(61, '2026-02-14', '14:00:00', 3, 0, 1, '2026-02-12 01:51:27', '2026-02-12 01:51:27'),
(62, '2026-02-14', '15:00:00', 3, 0, 1, '2026-02-12 01:51:27', '2026-02-12 01:51:27'),
(63, '2026-02-14', '16:00:00', 3, 0, 1, '2026-02-12 01:51:27', '2026-02-12 01:51:27'),
(64, '2026-02-21', '09:00:00', 3, 0, 1, '2026-02-12 01:51:37', '2026-02-12 01:51:37'),
(65, '2026-02-21', '10:00:00', 3, 2, 1, '2026-02-12 01:51:37', '2026-02-17 13:46:48'),
(66, '2026-02-21', '11:00:00', 3, 0, 1, '2026-02-12 01:51:37', '2026-02-12 01:51:37'),
(67, '2026-02-21', '13:00:00', 3, 0, 1, '2026-02-12 01:51:37', '2026-02-12 01:51:37'),
(68, '2026-02-21', '14:00:00', 3, 0, 1, '2026-02-12 01:51:37', '2026-02-12 01:51:37'),
(69, '2026-02-21', '15:00:00', 3, 0, 1, '2026-02-12 01:51:37', '2026-02-12 01:51:37'),
(70, '2026-02-21', '16:00:00', 3, 0, 1, '2026-02-12 01:51:37', '2026-02-12 01:51:37'),
(71, '2026-02-20', '09:00:00', 3, 1, 1, '2026-02-17 23:31:03', '2026-02-17 23:38:45'),
(72, '2026-02-20', '10:00:00', 3, 1, 1, '2026-02-17 23:31:03', '2026-02-17 23:31:19'),
(73, '2026-02-20', '11:00:00', 3, 1, 1, '2026-02-17 23:31:03', '2026-02-17 23:33:48'),
(74, '2026-02-20', '13:00:00', 3, 0, 1, '2026-02-17 23:31:03', '2026-02-17 23:31:03'),
(75, '2026-02-20', '14:00:00', 3, 0, 1, '2026-02-17 23:31:03', '2026-02-17 23:31:03'),
(76, '2026-02-20', '15:00:00', 3, 0, 1, '2026-02-17 23:31:03', '2026-02-17 23:31:03'),
(77, '2026-02-20', '16:00:00', 3, 0, 1, '2026-02-17 23:31:03', '2026-02-17 23:31:03'),
(78, '2026-02-27', '09:00:00', 3, 0, 1, '2026-02-17 23:36:15', '2026-02-17 23:36:15'),
(79, '2026-02-27', '10:00:00', 3, 0, 1, '2026-02-17 23:36:15', '2026-02-17 23:36:15'),
(80, '2026-02-27', '11:00:00', 3, 0, 1, '2026-02-17 23:36:15', '2026-02-17 23:36:15'),
(81, '2026-02-27', '13:00:00', 3, 0, 1, '2026-02-17 23:36:15', '2026-02-17 23:36:15'),
(82, '2026-02-27', '14:00:00', 3, 1, 1, '2026-02-17 23:36:15', '2026-02-17 23:36:23'),
(83, '2026-02-27', '15:00:00', 3, 0, 1, '2026-02-17 23:36:15', '2026-02-17 23:36:15'),
(84, '2026-02-27', '16:00:00', 3, 0, 1, '2026-02-17 23:36:15', '2026-02-17 23:36:15'),
(85, '2026-03-05', '09:00:00', 3, 0, 1, '2026-02-18 00:48:02', '2026-02-18 00:48:02'),
(86, '2026-03-05', '10:00:00', 3, 3, 1, '2026-02-18 00:48:02', '2026-03-03 09:29:01'),
(87, '2026-03-05', '11:00:00', 3, 0, 1, '2026-02-18 00:48:02', '2026-02-18 00:48:02'),
(88, '2026-03-05', '13:00:00', 3, 1, 1, '2026-02-18 00:48:02', '2026-03-03 03:18:37'),
(89, '2026-03-05', '14:00:00', 3, 0, 1, '2026-02-18 00:48:02', '2026-02-18 00:48:02'),
(90, '2026-03-05', '15:00:00', 3, 0, 1, '2026-02-18 00:48:02', '2026-02-18 00:48:02'),
(91, '2026-03-05', '16:00:00', 3, 0, 1, '2026-02-18 00:48:02', '2026-02-18 00:48:02'),
(92, '2026-02-25', '09:00:00', 3, 1, 1, '2026-02-21 23:18:03', '2026-02-21 23:18:09'),
(93, '2026-02-25', '10:00:00', 3, 0, 1, '2026-02-21 23:18:03', '2026-02-21 23:18:03'),
(94, '2026-02-25', '11:00:00', 3, 0, 1, '2026-02-21 23:18:03', '2026-02-21 23:18:03'),
(95, '2026-02-25', '13:00:00', 3, 0, 1, '2026-02-21 23:18:03', '2026-02-21 23:18:03'),
(96, '2026-02-25', '14:00:00', 3, 0, 1, '2026-02-21 23:18:03', '2026-02-21 23:18:03'),
(97, '2026-02-25', '15:00:00', 3, 0, 1, '2026-02-21 23:18:03', '2026-02-21 23:18:03'),
(98, '2026-02-25', '16:00:00', 3, 0, 1, '2026-02-21 23:18:03', '2026-02-21 23:18:03'),
(99, '2026-02-26', '09:00:00', 3, 0, 1, '2026-02-22 00:30:42', '2026-02-22 00:30:42'),
(100, '2026-02-26', '10:00:00', 3, 1, 1, '2026-02-22 00:30:42', '2026-02-22 00:30:49'),
(101, '2026-02-26', '11:00:00', 3, 0, 1, '2026-02-22 00:30:42', '2026-02-22 00:30:42'),
(102, '2026-02-26', '13:00:00', 3, 0, 1, '2026-02-22 00:30:42', '2026-02-22 00:30:42'),
(103, '2026-02-26', '14:00:00', 3, 0, 1, '2026-02-22 00:30:42', '2026-02-22 00:30:42'),
(104, '2026-02-26', '15:00:00', 3, 0, 1, '2026-02-22 00:30:42', '2026-02-22 00:30:42'),
(105, '2026-02-26', '16:00:00', 3, 0, 1, '2026-02-22 00:30:42', '2026-02-22 00:30:42'),
(106, '2026-02-23', '09:00:00', 3, 1, 1, '2026-02-22 00:33:47', '2026-02-22 00:33:59'),
(107, '2026-02-23', '10:00:00', 3, 0, 1, '2026-02-22 00:33:47', '2026-02-22 00:33:47'),
(108, '2026-02-23', '11:00:00', 3, 0, 1, '2026-02-22 00:33:47', '2026-02-22 00:33:47'),
(109, '2026-02-23', '13:00:00', 3, 0, 1, '2026-02-22 00:33:47', '2026-02-22 00:33:47'),
(110, '2026-02-23', '14:00:00', 3, 0, 1, '2026-02-22 00:33:47', '2026-02-22 00:33:47'),
(111, '2026-02-23', '15:00:00', 3, 0, 1, '2026-02-22 00:33:47', '2026-02-22 00:33:47'),
(112, '2026-02-23', '16:00:00', 3, 0, 1, '2026-02-22 00:33:47', '2026-02-22 00:33:47'),
(113, '2026-02-28', '09:00:00', 3, 0, 1, '2026-02-24 23:27:18', '2026-02-24 23:27:18'),
(114, '2026-02-28', '10:00:00', 3, 0, 1, '2026-02-24 23:27:18', '2026-02-24 23:27:18'),
(115, '2026-02-28', '11:00:00', 3, 0, 1, '2026-02-24 23:27:18', '2026-02-24 23:27:18'),
(116, '2026-02-28', '13:00:00', 3, 0, 1, '2026-02-24 23:27:18', '2026-02-24 23:27:18'),
(117, '2026-02-28', '14:00:00', 3, 0, 1, '2026-02-24 23:27:18', '2026-02-24 23:27:18'),
(118, '2026-02-28', '15:00:00', 3, 0, 1, '2026-02-24 23:27:18', '2026-02-24 23:27:18'),
(119, '2026-02-28', '16:00:00', 3, 0, 1, '2026-02-24 23:27:18', '2026-02-24 23:27:18'),
(120, '2026-03-04', '09:00:00', 3, 0, 1, '2026-02-24 23:28:03', '2026-02-24 23:28:03'),
(121, '2026-03-04', '10:00:00', 3, 0, 1, '2026-02-24 23:28:03', '2026-02-24 23:28:03'),
(122, '2026-03-04', '11:00:00', 3, 0, 1, '2026-02-24 23:28:03', '2026-02-24 23:28:03'),
(123, '2026-03-04', '13:00:00', 3, 0, 1, '2026-02-24 23:28:03', '2026-02-24 23:28:03'),
(124, '2026-03-04', '14:00:00', 3, 0, 1, '2026-02-24 23:28:03', '2026-02-24 23:28:03'),
(125, '2026-03-04', '15:00:00', 3, 0, 1, '2026-02-24 23:28:03', '2026-02-24 23:28:03'),
(126, '2026-03-04', '16:00:00', 3, 0, 1, '2026-02-24 23:28:03', '2026-02-24 23:28:03'),
(127, '0002-02-04', '09:00:00', 3, 0, 1, '2026-02-24 23:55:59', '2026-02-24 23:55:59'),
(128, '0002-02-04', '10:00:00', 3, 0, 1, '2026-02-24 23:55:59', '2026-02-24 23:55:59'),
(129, '0002-02-04', '11:00:00', 3, 0, 1, '2026-02-24 23:55:59', '2026-02-24 23:55:59'),
(130, '0002-02-04', '13:00:00', 3, 0, 1, '2026-02-24 23:55:59', '2026-02-24 23:55:59'),
(131, '0002-02-04', '14:00:00', 3, 0, 1, '2026-02-24 23:55:59', '2026-02-24 23:55:59'),
(132, '0002-02-04', '15:00:00', 3, 0, 1, '2026-02-24 23:55:59', '2026-02-24 23:55:59'),
(133, '0002-02-04', '16:00:00', 3, 0, 1, '2026-02-24 23:55:59', '2026-02-24 23:55:59'),
(134, '0020-02-04', '09:00:00', 3, 0, 1, '2026-02-24 23:55:59', '2026-02-24 23:55:59'),
(135, '0020-02-04', '10:00:00', 3, 0, 1, '2026-02-24 23:55:59', '2026-02-24 23:55:59'),
(136, '0020-02-04', '11:00:00', 3, 0, 1, '2026-02-24 23:55:59', '2026-02-24 23:55:59'),
(137, '0020-02-04', '13:00:00', 3, 0, 1, '2026-02-24 23:55:59', '2026-02-24 23:55:59'),
(138, '0020-02-04', '14:00:00', 3, 0, 1, '2026-02-24 23:55:59', '2026-02-24 23:55:59'),
(139, '0020-02-04', '15:00:00', 3, 0, 1, '2026-02-24 23:55:59', '2026-02-24 23:55:59'),
(140, '0020-02-04', '16:00:00', 3, 0, 1, '2026-02-24 23:55:59', '2026-02-24 23:55:59'),
(141, '0200-02-04', '09:00:00', 3, 0, 1, '2026-02-24 23:55:59', '2026-02-24 23:55:59'),
(142, '0200-02-04', '10:00:00', 3, 0, 1, '2026-02-24 23:55:59', '2026-02-24 23:55:59'),
(143, '0200-02-04', '11:00:00', 3, 0, 1, '2026-02-24 23:55:59', '2026-02-24 23:55:59'),
(144, '0200-02-04', '13:00:00', 3, 0, 1, '2026-02-24 23:55:59', '2026-02-24 23:55:59'),
(145, '0200-02-04', '14:00:00', 3, 0, 1, '2026-02-24 23:55:59', '2026-02-24 23:55:59'),
(146, '0200-02-04', '15:00:00', 3, 0, 1, '2026-02-24 23:55:59', '2026-02-24 23:55:59'),
(147, '0200-02-04', '16:00:00', 3, 0, 1, '2026-02-24 23:55:59', '2026-02-24 23:55:59'),
(148, '2003-02-04', '09:00:00', 3, 0, 1, '2026-02-24 23:55:59', '2026-02-24 23:55:59'),
(149, '2003-02-04', '10:00:00', 3, 0, 1, '2026-02-24 23:55:59', '2026-02-24 23:55:59'),
(150, '2003-02-04', '11:00:00', 3, 0, 1, '2026-02-24 23:55:59', '2026-02-24 23:55:59'),
(151, '2003-02-04', '13:00:00', 3, 0, 1, '2026-02-24 23:55:59', '2026-02-24 23:55:59'),
(152, '2003-02-04', '14:00:00', 3, 0, 1, '2026-02-24 23:55:59', '2026-02-24 23:55:59'),
(153, '2003-02-04', '15:00:00', 3, 0, 1, '2026-02-24 23:55:59', '2026-02-24 23:55:59'),
(154, '2003-02-04', '16:00:00', 3, 0, 1, '2026-02-24 23:55:59', '2026-02-24 23:55:59'),
(155, '0005-02-04', '09:00:00', 3, 0, 1, '2026-02-24 23:56:00', '2026-02-24 23:56:00'),
(156, '0005-02-04', '10:00:00', 3, 0, 1, '2026-02-24 23:56:00', '2026-02-24 23:56:00'),
(157, '0005-02-04', '11:00:00', 3, 0, 1, '2026-02-24 23:56:00', '2026-02-24 23:56:00'),
(158, '0005-02-04', '13:00:00', 3, 0, 1, '2026-02-24 23:56:00', '2026-02-24 23:56:00'),
(159, '0005-02-04', '14:00:00', 3, 0, 1, '2026-02-24 23:56:00', '2026-02-24 23:56:00'),
(160, '0005-02-04', '15:00:00', 3, 0, 1, '2026-02-24 23:56:00', '2026-02-24 23:56:00'),
(161, '0005-02-04', '16:00:00', 3, 0, 1, '2026-02-24 23:56:00', '2026-02-24 23:56:00'),
(162, '2006-02-04', '09:00:00', 3, 0, 1, '2026-02-24 23:56:12', '2026-02-24 23:56:12'),
(163, '2006-02-04', '10:00:00', 3, 0, 1, '2026-02-24 23:56:12', '2026-02-24 23:56:12'),
(164, '2006-02-04', '11:00:00', 3, 0, 1, '2026-02-24 23:56:12', '2026-02-24 23:56:12'),
(165, '2006-02-04', '13:00:00', 3, 0, 1, '2026-02-24 23:56:12', '2026-02-24 23:56:12'),
(166, '2006-02-04', '14:00:00', 3, 0, 1, '2026-02-24 23:56:12', '2026-02-24 23:56:12'),
(167, '2006-02-04', '15:00:00', 3, 0, 1, '2026-02-24 23:56:12', '2026-02-24 23:56:12'),
(168, '2006-02-04', '16:00:00', 3, 0, 1, '2026-02-24 23:56:12', '2026-02-24 23:56:12'),
(169, '2026-03-03', '09:00:00', 3, 0, 1, '2026-03-01 01:34:01', '2026-03-01 01:34:01'),
(170, '2026-03-03', '10:00:00', 3, 0, 1, '2026-03-01 01:34:01', '2026-03-01 01:34:01'),
(171, '2026-03-03', '11:00:00', 3, 0, 1, '2026-03-01 01:34:01', '2026-03-01 01:34:01'),
(172, '2026-03-03', '13:00:00', 3, 0, 1, '2026-03-01 01:34:01', '2026-03-01 01:34:01'),
(173, '2026-03-03', '14:00:00', 3, 0, 1, '2026-03-01 01:34:01', '2026-03-01 01:34:01'),
(174, '2026-03-03', '15:00:00', 3, 0, 1, '2026-03-01 01:34:01', '2026-03-01 01:34:01'),
(175, '2026-03-03', '16:00:00', 3, 0, 1, '2026-03-01 01:34:01', '2026-03-01 01:34:01'),
(176, '2026-03-12', '09:00:00', 3, 0, 1, '2026-03-01 06:34:48', '2026-03-01 06:34:48'),
(177, '2026-03-12', '10:00:00', 3, 0, 1, '2026-03-01 06:34:48', '2026-03-01 06:34:48'),
(178, '2026-03-12', '11:00:00', 3, 0, 1, '2026-03-01 06:34:48', '2026-03-01 06:34:48'),
(179, '2026-03-12', '13:00:00', 3, 0, 1, '2026-03-01 06:34:48', '2026-03-01 06:34:48'),
(180, '2026-03-12', '14:00:00', 3, 0, 1, '2026-03-01 06:34:48', '2026-03-01 06:34:48'),
(181, '2026-03-12', '15:00:00', 3, 0, 1, '2026-03-01 06:34:48', '2026-03-01 06:34:48'),
(182, '2026-03-12', '16:00:00', 3, 0, 1, '2026-03-01 06:34:48', '2026-03-01 06:34:48'),
(183, '2026-03-26', '09:00:00', 3, 0, 1, '2026-03-03 01:24:59', '2026-03-03 01:24:59'),
(184, '2026-03-26', '10:00:00', 3, 0, 1, '2026-03-03 01:24:59', '2026-03-03 01:24:59'),
(185, '2026-03-26', '11:00:00', 3, 0, 1, '2026-03-03 01:24:59', '2026-03-03 01:24:59'),
(186, '2026-03-26', '13:00:00', 3, 0, 1, '2026-03-03 01:24:59', '2026-03-03 01:24:59'),
(187, '2026-03-26', '14:00:00', 3, 0, 1, '2026-03-03 01:24:59', '2026-03-03 01:24:59'),
(188, '2026-03-26', '15:00:00', 3, 0, 1, '2026-03-03 01:24:59', '2026-03-03 01:24:59'),
(189, '2026-03-26', '16:00:00', 3, 0, 1, '2026-03-03 01:24:59', '2026-03-03 01:24:59'),
(190, '2026-03-11', '09:00:00', 3, 0, 1, '2026-03-03 04:36:51', '2026-03-03 04:36:51'),
(191, '2026-03-11', '10:00:00', 3, 2, 1, '2026-03-03 04:36:51', '2026-03-07 01:06:37'),
(192, '2026-03-11', '11:00:00', 3, 0, 1, '2026-03-03 04:36:51', '2026-03-03 04:36:51'),
(193, '2026-03-11', '13:00:00', 3, 0, 1, '2026-03-03 04:36:51', '2026-03-03 04:36:51'),
(194, '2026-03-11', '14:00:00', 3, 3, 1, '2026-03-03 04:36:51', '2026-03-07 00:53:15'),
(195, '2026-03-11', '15:00:00', 3, 0, 1, '2026-03-03 04:36:51', '2026-03-03 04:36:51'),
(196, '2026-03-11', '16:00:00', 3, 0, 1, '2026-03-03 04:36:51', '2026-03-03 04:36:51'),
(197, '2026-03-13', '09:00:00', 3, 0, 1, '2026-03-03 09:28:52', '2026-03-03 09:28:52'),
(198, '2026-03-13', '10:00:00', 3, 0, 1, '2026-03-03 09:28:52', '2026-03-03 09:28:52'),
(199, '2026-03-13', '11:00:00', 3, 0, 1, '2026-03-03 09:28:52', '2026-03-03 09:28:52'),
(200, '2026-03-13', '13:00:00', 3, 0, 1, '2026-03-03 09:28:52', '2026-03-03 09:28:52'),
(201, '2026-03-13', '14:00:00', 3, 0, 1, '2026-03-03 09:28:52', '2026-03-03 09:28:52'),
(202, '2026-03-13', '15:00:00', 3, 0, 1, '2026-03-03 09:28:52', '2026-03-03 09:28:52'),
(203, '2026-03-13', '16:00:00', 3, 0, 1, '2026-03-03 09:28:52', '2026-03-03 09:28:52'),
(204, '2026-03-15', '09:00:00', 3, 0, 1, '2026-03-05 14:58:29', '2026-03-05 14:58:29'),
(205, '2026-03-15', '10:00:00', 3, 0, 1, '2026-03-05 14:58:29', '2026-03-05 14:58:29'),
(206, '2026-03-15', '11:00:00', 3, 0, 1, '2026-03-05 14:58:29', '2026-03-05 14:58:29'),
(207, '2026-03-15', '13:00:00', 3, 0, 1, '2026-03-05 14:58:29', '2026-03-05 14:58:29'),
(208, '2026-03-15', '14:00:00', 3, 0, 1, '2026-03-05 14:58:29', '2026-03-05 14:58:29'),
(209, '2026-03-15', '15:00:00', 3, 0, 1, '2026-03-05 14:58:29', '2026-03-05 14:58:29'),
(210, '2026-03-15', '16:00:00', 3, 0, 1, '2026-03-05 14:58:29', '2026-03-05 14:58:29'),
(211, '2026-11-27', '08:00:00', 3, 0, 1, '2026-03-05 15:02:26', '2026-03-05 15:02:26'),
(212, '2026-11-27', '09:00:00', 3, 0, 1, '2026-03-05 15:02:26', '2026-03-05 15:02:26'),
(213, '2026-11-27', '10:00:00', 3, 0, 1, '2026-03-05 15:02:26', '2026-03-05 15:02:26'),
(214, '2026-11-27', '11:00:00', 3, 0, 1, '2026-03-05 15:02:26', '2026-03-05 15:02:26'),
(215, '2026-11-27', '13:00:00', 3, 0, 1, '2026-03-05 15:02:26', '2026-03-05 15:02:26'),
(216, '2026-11-27', '14:00:00', 3, 0, 1, '2026-03-05 15:02:26', '2026-03-05 15:02:26'),
(217, '2026-11-27', '15:00:00', 3, 0, 1, '2026-03-05 15:02:26', '2026-03-05 15:02:26'),
(218, '2026-11-27', '16:00:00', 3, 0, 1, '2026-03-05 15:02:26', '2026-03-05 15:02:26'),
(219, '2026-11-22', '08:00:00', 3, 0, 1, '2026-03-05 15:03:25', '2026-03-05 15:03:25'),
(220, '2026-11-22', '09:00:00', 3, 0, 1, '2026-03-05 15:03:25', '2026-03-05 15:03:25'),
(221, '2026-11-22', '10:00:00', 3, 0, 1, '2026-03-05 15:03:25', '2026-03-05 15:03:25'),
(222, '2026-11-22', '11:00:00', 3, 0, 1, '2026-03-05 15:03:25', '2026-03-05 15:03:25'),
(223, '2026-11-22', '13:00:00', 3, 0, 1, '2026-03-05 15:03:25', '2026-03-05 15:03:25'),
(224, '2026-11-22', '14:00:00', 3, 0, 1, '2026-03-05 15:03:25', '2026-03-05 15:03:25'),
(225, '2026-11-22', '15:00:00', 3, 0, 1, '2026-03-05 15:03:25', '2026-03-05 15:03:25'),
(226, '2026-11-22', '16:00:00', 3, 1, 1, '2026-03-05 15:03:25', '2026-03-05 15:03:41'),
(227, '2026-03-21', '08:00:00', 3, 0, 1, '2026-03-06 03:22:38', '2026-03-06 03:22:38'),
(228, '2026-03-21', '09:00:00', 3, 0, 1, '2026-03-06 03:22:38', '2026-03-06 03:22:38'),
(229, '2026-03-21', '10:00:00', 3, 0, 1, '2026-03-06 03:22:38', '2026-03-06 03:22:38'),
(230, '2026-03-21', '11:00:00', 3, 0, 1, '2026-03-06 03:22:38', '2026-03-06 03:22:38'),
(231, '2026-03-21', '13:00:00', 3, 0, 1, '2026-03-06 03:22:38', '2026-03-06 03:22:38'),
(232, '2026-03-21', '14:00:00', 3, 0, 1, '2026-03-06 03:22:38', '2026-03-06 03:22:38'),
(233, '2026-03-21', '15:00:00', 3, 0, 1, '2026-03-06 03:22:38', '2026-03-06 03:22:38'),
(234, '2026-03-21', '16:00:00', 3, 0, 1, '2026-03-06 03:22:38', '2026-03-06 03:22:38'),
(235, '2026-03-14', '08:00:00', 3, 0, 1, '2026-03-07 00:42:17', '2026-03-07 00:42:17'),
(236, '2026-03-14', '09:00:00', 3, 0, 1, '2026-03-07 00:42:17', '2026-03-07 00:42:17'),
(237, '2026-03-14', '10:00:00', 3, 0, 1, '2026-03-07 00:42:17', '2026-03-07 00:42:17'),
(238, '2026-03-14', '11:00:00', 3, 0, 1, '2026-03-07 00:42:17', '2026-03-07 00:42:17'),
(239, '2026-03-14', '13:00:00', 3, 0, 1, '2026-03-07 00:42:17', '2026-03-07 00:42:17'),
(240, '2026-03-14', '14:00:00', 3, 0, 1, '2026-03-07 00:42:17', '2026-03-07 00:42:17'),
(241, '2026-03-14', '15:00:00', 3, 0, 1, '2026-03-07 00:42:17', '2026-03-07 00:42:17'),
(242, '2026-03-14', '16:00:00', 3, 1, 1, '2026-03-07 00:42:17', '2026-03-07 00:42:22'),
(243, '2026-03-10', '08:00:00', 3, 1, 1, '2026-03-07 00:51:00', '2026-03-07 00:51:02'),
(244, '2026-03-10', '09:00:00', 3, 0, 1, '2026-03-07 00:51:00', '2026-03-07 00:51:00'),
(245, '2026-03-10', '10:00:00', 3, 0, 1, '2026-03-07 00:51:00', '2026-03-07 00:51:00'),
(246, '2026-03-10', '11:00:00', 3, 0, 1, '2026-03-07 00:51:00', '2026-03-07 00:51:00'),
(247, '2026-03-10', '13:00:00', 3, 0, 1, '2026-03-07 00:51:00', '2026-03-07 00:51:00'),
(248, '2026-03-10', '14:00:00', 3, 0, 1, '2026-03-07 00:51:00', '2026-03-07 00:51:00'),
(249, '2026-03-10', '15:00:00', 3, 0, 1, '2026-03-07 00:51:00', '2026-03-07 00:51:00'),
(250, '2026-03-10', '16:00:00', 3, 0, 1, '2026-03-07 00:51:00', '2026-03-07 00:51:00'),
(251, '2026-03-18', '08:00:00', 3, 0, 1, '2026-03-07 01:01:04', '2026-03-07 01:01:04'),
(252, '2026-03-18', '09:00:00', 3, 0, 1, '2026-03-07 01:01:04', '2026-03-07 01:01:04'),
(253, '2026-03-18', '10:00:00', 3, 0, 1, '2026-03-07 01:01:04', '2026-03-07 01:01:04'),
(254, '2026-03-18', '11:00:00', 3, 0, 1, '2026-03-07 01:01:04', '2026-03-07 01:01:04'),
(255, '2026-03-18', '13:00:00', 3, 0, 1, '2026-03-07 01:01:04', '2026-03-07 01:01:04'),
(256, '2026-03-18', '14:00:00', 3, 0, 1, '2026-03-07 01:01:04', '2026-03-07 01:01:04'),
(257, '2026-03-18', '15:00:00', 3, 0, 1, '2026-03-07 01:01:04', '2026-03-07 01:01:04'),
(258, '2026-03-18', '16:00:00', 3, 1, 1, '2026-03-07 01:01:04', '2026-03-07 01:04:29'),
(259, '2026-03-09', '08:00:00', 3, 0, 1, '2026-03-07 01:01:10', '2026-03-07 01:01:10'),
(260, '2026-03-09', '09:00:00', 3, 0, 1, '2026-03-07 01:01:10', '2026-03-07 01:01:10'),
(261, '2026-03-09', '10:00:00', 3, 0, 1, '2026-03-07 01:01:10', '2026-03-07 01:01:10'),
(262, '2026-03-09', '11:00:00', 3, 0, 1, '2026-03-07 01:01:10', '2026-03-07 01:01:10'),
(263, '2026-03-09', '13:00:00', 3, 0, 1, '2026-03-07 01:01:11', '2026-03-07 01:01:11'),
(264, '2026-03-09', '14:00:00', 3, 0, 1, '2026-03-07 01:01:11', '2026-03-07 01:01:11'),
(265, '2026-03-09', '15:00:00', 3, 0, 1, '2026-03-07 01:01:11', '2026-03-07 01:01:11'),
(266, '2026-03-09', '16:00:00', 3, 0, 1, '2026-03-07 01:01:11', '2026-03-07 01:01:11'),
(267, '2026-03-19', '08:00:00', 3, 0, 1, '2026-03-07 01:02:26', '2026-03-07 01:02:26'),
(268, '2026-03-19', '09:00:00', 3, 0, 1, '2026-03-07 01:02:26', '2026-03-07 01:02:26'),
(269, '2026-03-19', '10:00:00', 3, 0, 1, '2026-03-07 01:02:26', '2026-03-07 01:02:26'),
(270, '2026-03-19', '11:00:00', 3, 0, 1, '2026-03-07 01:02:26', '2026-03-07 01:02:26'),
(271, '2026-03-19', '13:00:00', 3, 0, 1, '2026-03-07 01:02:26', '2026-03-07 01:02:26'),
(272, '2026-03-19', '14:00:00', 3, 0, 1, '2026-03-07 01:02:26', '2026-03-07 01:02:26'),
(273, '2026-03-19', '15:00:00', 3, 0, 1, '2026-03-07 01:02:26', '2026-03-07 01:02:26'),
(274, '2026-03-19', '16:00:00', 3, 0, 1, '2026-03-07 01:02:26', '2026-03-07 01:02:26'),
(275, '2026-03-20', '08:00:00', 3, 0, 1, '2026-03-07 01:02:43', '2026-03-07 01:02:43'),
(276, '2026-03-20', '09:00:00', 3, 0, 1, '2026-03-07 01:02:43', '2026-03-07 01:02:43'),
(277, '2026-03-20', '10:00:00', 3, 0, 1, '2026-03-07 01:02:43', '2026-03-07 01:02:43'),
(278, '2026-03-20', '11:00:00', 3, 1, 1, '2026-03-07 01:02:43', '2026-03-07 01:04:10'),
(279, '2026-03-20', '13:00:00', 3, 0, 1, '2026-03-07 01:02:43', '2026-03-07 01:02:43'),
(280, '2026-03-20', '14:00:00', 3, 0, 1, '2026-03-07 01:02:43', '2026-03-07 01:02:43'),
(281, '2026-03-20', '15:00:00', 3, 0, 1, '2026-03-07 01:02:43', '2026-03-07 01:02:43'),
(282, '2026-03-20', '16:00:00', 3, 0, 1, '2026-03-07 01:02:43', '2026-03-07 01:02:43'),
(283, '2026-06-12', '08:00:00', 3, 0, 1, '2026-03-12 04:37:38', '2026-03-12 04:37:38'),
(284, '2026-06-12', '09:00:00', 3, 0, 1, '2026-03-12 04:37:38', '2026-03-12 04:37:38'),
(285, '2026-06-12', '10:00:00', 3, 0, 1, '2026-03-12 04:37:38', '2026-03-12 04:37:38'),
(286, '2026-06-12', '11:00:00', 3, 0, 1, '2026-03-12 04:37:38', '2026-03-12 04:37:38'),
(287, '2026-06-12', '13:00:00', 3, 0, 1, '2026-03-12 04:37:38', '2026-03-12 04:37:38'),
(288, '2026-06-12', '14:00:00', 3, 0, 1, '2026-03-12 04:37:38', '2026-03-12 04:37:38'),
(289, '2026-06-12', '15:00:00', 3, 0, 1, '2026-03-12 04:37:38', '2026-03-12 04:37:38'),
(290, '2026-06-12', '16:00:00', 3, 0, 1, '2026-03-12 04:37:38', '2026-03-12 04:37:38'),
(291, '2026-06-13', '08:00:00', 3, 0, 1, '2026-03-12 04:38:42', '2026-03-12 04:38:42'),
(292, '2026-06-13', '09:00:00', 3, 0, 1, '2026-03-12 04:38:42', '2026-03-12 04:38:42'),
(293, '2026-06-13', '10:00:00', 3, 0, 1, '2026-03-12 04:38:42', '2026-03-12 04:38:42'),
(294, '2026-06-13', '11:00:00', 3, 0, 1, '2026-03-12 04:38:42', '2026-03-12 04:38:42'),
(295, '2026-06-13', '13:00:00', 3, 0, 1, '2026-03-12 04:38:42', '2026-03-12 04:38:42'),
(296, '2026-06-13', '14:00:00', 3, 0, 1, '2026-03-12 04:38:42', '2026-03-12 04:38:42'),
(297, '2026-06-13', '15:00:00', 3, 0, 1, '2026-03-12 04:38:42', '2026-03-12 04:38:42'),
(298, '2026-06-13', '16:00:00', 3, 0, 1, '2026-03-12 04:38:42', '2026-03-12 04:38:42'),
(299, '2028-11-30', '08:00:00', 3, 0, 1, '2026-03-12 04:44:50', '2026-03-12 04:44:50'),
(300, '2028-11-30', '09:00:00', 3, 0, 1, '2026-03-12 04:44:50', '2026-03-12 04:44:50'),
(301, '2028-11-30', '10:00:00', 3, 0, 1, '2026-03-12 04:44:50', '2026-03-12 04:44:50'),
(302, '2028-11-30', '11:00:00', 3, 0, 1, '2026-03-12 04:44:50', '2026-03-12 04:44:50'),
(303, '2028-11-30', '13:00:00', 3, 0, 1, '2026-03-12 04:44:50', '2026-03-12 04:44:50'),
(304, '2028-11-30', '14:00:00', 3, 0, 1, '2026-03-12 04:44:50', '2026-03-12 04:44:50'),
(305, '2028-11-30', '15:00:00', 3, 0, 1, '2026-03-12 04:44:51', '2026-03-12 04:44:51'),
(306, '2028-11-30', '16:00:00', 3, 0, 1, '2026-03-12 04:44:51', '2026-03-12 04:44:51'),
(307, '2028-11-24', '08:00:00', 3, 0, 1, '2026-03-12 04:45:06', '2026-03-12 04:45:06'),
(308, '2028-11-24', '09:00:00', 3, 0, 1, '2026-03-12 04:45:06', '2026-03-12 04:45:06'),
(309, '2028-11-24', '10:00:00', 3, 0, 1, '2026-03-12 04:45:06', '2026-03-12 04:45:06'),
(310, '2028-11-24', '11:00:00', 3, 0, 1, '2026-03-12 04:45:06', '2026-03-12 04:45:06'),
(311, '2028-11-24', '13:00:00', 3, 1, 1, '2026-03-12 04:45:06', '2026-03-12 04:45:08'),
(312, '2028-11-24', '14:00:00', 3, 0, 1, '2026-03-12 04:45:06', '2026-03-12 04:45:06'),
(313, '2028-11-24', '15:00:00', 3, 0, 1, '2026-03-12 04:45:06', '2026-03-12 04:45:06'),
(314, '2028-11-24', '16:00:00', 3, 0, 1, '2026-03-12 04:45:06', '2026-03-12 04:45:06'),
(315, '2026-03-27', '08:00:00', 3, 0, 1, '2026-03-12 12:39:21', '2026-03-12 12:39:21'),
(316, '2026-03-27', '09:00:00', 3, 0, 1, '2026-03-12 12:39:21', '2026-03-12 12:39:21'),
(317, '2026-03-27', '10:00:00', 3, 0, 1, '2026-03-12 12:39:21', '2026-03-12 12:39:21'),
(318, '2026-03-27', '11:00:00', 3, 0, 1, '2026-03-12 12:39:21', '2026-03-12 12:39:21'),
(319, '2026-03-27', '13:00:00', 3, 0, 1, '2026-03-12 12:39:21', '2026-03-12 12:39:21'),
(320, '2026-03-27', '14:00:00', 3, 0, 1, '2026-03-12 12:39:21', '2026-03-12 12:39:21'),
(321, '2026-03-27', '15:00:00', 3, 0, 1, '2026-03-12 12:39:21', '2026-03-12 12:39:21'),
(322, '2026-03-27', '16:00:00', 3, 0, 1, '2026-03-12 12:39:21', '2026-03-12 12:39:21'),
(323, '2026-03-23', '08:00:00', 3, 0, 1, '2026-03-21 05:32:34', '2026-03-21 05:32:34'),
(324, '2026-03-23', '09:00:00', 3, 0, 1, '2026-03-21 05:32:34', '2026-03-21 05:32:34'),
(325, '2026-03-23', '10:00:00', 3, 0, 1, '2026-03-21 05:32:34', '2026-03-21 05:32:34'),
(326, '2026-03-23', '11:00:00', 3, 0, 1, '2026-03-21 05:32:34', '2026-03-21 05:32:34'),
(327, '2026-03-23', '13:00:00', 3, 0, 1, '2026-03-21 05:32:34', '2026-03-21 05:32:34'),
(328, '2026-03-23', '14:00:00', 3, 0, 1, '2026-03-21 05:32:34', '2026-03-21 05:32:34'),
(329, '2026-03-23', '15:00:00', 3, 0, 1, '2026-03-21 05:32:34', '2026-03-21 05:32:34'),
(330, '2026-03-23', '16:00:00', 3, 0, 1, '2026-03-21 05:32:34', '2026-03-21 05:32:34'),
(331, '2027-03-17', '08:00:00', 3, 0, 1, '2026-03-21 05:33:53', '2026-03-21 05:33:53'),
(332, '2027-03-17', '09:00:00', 3, 0, 1, '2026-03-21 05:33:53', '2026-03-21 05:33:53'),
(333, '2027-03-17', '10:00:00', 3, 0, 1, '2026-03-21 05:33:53', '2026-03-21 05:33:53'),
(334, '2027-03-17', '11:00:00', 3, 0, 1, '2026-03-21 05:33:53', '2026-03-21 05:33:53'),
(335, '2027-03-17', '13:00:00', 3, 0, 1, '2026-03-21 05:33:53', '2026-03-21 05:33:53'),
(336, '2027-03-17', '14:00:00', 3, 0, 1, '2026-03-21 05:33:53', '2026-03-21 05:33:53'),
(337, '2027-03-17', '15:00:00', 3, 0, 1, '2026-03-21 05:33:53', '2026-03-21 05:33:53'),
(338, '2027-03-17', '16:00:00', 3, 0, 1, '2026-03-21 05:33:53', '2026-03-21 05:33:53'),
(339, '2027-03-03', '08:00:00', 3, 0, 1, '2026-03-21 05:33:55', '2026-03-21 05:33:55'),
(340, '2027-03-03', '09:00:00', 3, 0, 1, '2026-03-21 05:33:55', '2026-03-21 05:33:55'),
(341, '2027-03-03', '10:00:00', 3, 0, 1, '2026-03-21 05:33:55', '2026-03-21 05:33:55'),
(342, '2027-03-03', '11:00:00', 3, 0, 1, '2026-03-21 05:33:55', '2026-03-21 05:33:55'),
(343, '2027-03-03', '13:00:00', 3, 0, 1, '2026-03-21 05:33:55', '2026-03-21 05:33:55'),
(344, '2027-03-03', '14:00:00', 3, 0, 1, '2026-03-21 05:33:55', '2026-03-21 05:33:55'),
(345, '2027-03-03', '15:00:00', 3, 0, 1, '2026-03-21 05:33:55', '2026-03-21 05:33:55'),
(346, '2027-03-03', '16:00:00', 3, 0, 1, '2026-03-21 05:33:55', '2026-03-21 05:33:55'),
(347, '2026-06-03', '08:00:00', 3, 0, 1, '2026-03-21 05:34:02', '2026-03-21 05:34:02'),
(348, '2026-06-03', '09:00:00', 3, 0, 1, '2026-03-21 05:34:02', '2026-03-21 05:34:02'),
(349, '2026-06-03', '10:00:00', 3, 0, 1, '2026-03-21 05:34:02', '2026-03-21 05:34:02'),
(350, '2026-06-03', '11:00:00', 3, 0, 1, '2026-03-21 05:34:02', '2026-03-21 05:34:02'),
(351, '2026-06-03', '13:00:00', 3, 0, 1, '2026-03-21 05:34:02', '2026-03-21 05:34:02'),
(352, '2026-06-03', '14:00:00', 3, 0, 1, '2026-03-21 05:34:02', '2026-03-21 05:34:02'),
(353, '2026-06-03', '15:00:00', 3, 0, 1, '2026-03-21 05:34:02', '2026-03-21 05:34:02'),
(354, '2026-06-03', '16:00:00', 3, 0, 1, '2026-03-21 05:34:02', '2026-03-21 05:34:02');

-- --------------------------------------------------------

--
-- Table structure for table `audit_logs`
--

CREATE TABLE `audit_logs` (
  `id` int(11) NOT NULL,
  `actor_id` int(11) DEFAULT NULL,
  `actor_role` enum('Client','Admin','System') NOT NULL DEFAULT 'Client',
  `target_id` int(11) DEFAULT NULL,
  `action` varchar(100) NOT NULL,
  `details` text DEFAULT NULL,
  `ip_address` varchar(45) DEFAULT NULL,
  `user_agent` varchar(255) DEFAULT NULL,
  `category` enum('Account','Authentication','Email','Anonymization') NOT NULL,
  `created_at` timestamp NOT NULL DEFAULT current_timestamp()
) ENGINE=InnoDB DEFAULT CHARSET=utf8mb4 COLLATE=utf8mb4_general_ci;

--
-- Dumping data for table `audit_logs`
--

INSERT INTO `audit_logs` (`id`, `actor_id`, `actor_role`, `target_id`, `action`, `details`, `ip_address`, `user_agent`, `category`, `created_at`) VALUES
(1, 62, 'Client', 62, 'Recovered Account', 'Client restored their account after anonymization', NULL, NULL, 'Anonymization', '2026-03-14 13:11:46'),
(2, 62, 'Client', 62, 'Requested Account Anonymization', 'Client requested account anonymization, pending 7-day completion', NULL, NULL, 'Anonymization', '2026-03-14 13:12:11'),
(3, 62, 'Client', 62, 'Recovered Account', 'Client restored their account after anonymization', NULL, NULL, 'Anonymization', '2026-03-14 13:13:05'),
(4, 62, 'Client', 62, 'Login Success', 'User logged in from IP 127.0.0.1, device Mozilla/5.0 (Windows NT 10.0; Win64; x64) AppleWebKit/537.36 (KHTML, like Gecko) Chrome/145.0.0.0 Safari/537.36 Edg/145.0.0.0', NULL, NULL, 'Authentication', '2026-03-14 13:17:41'),
(5, 62, 'Client', 62, 'Login Success', 'User logged in from IP 127.0.0.1, device Mozilla/5.0 (Windows NT 10.0; Win64; x64) AppleWebKit/537.36 (KHTML, like Gecko) Chrome/145.0.0.0 Safari/537.36 Edg/145.0.0.0', NULL, NULL, 'Authentication', '2026-03-14 13:36:17'),
(6, 16, 'Client', 16, 'Login Success', 'User logged in from IP 127.0.0.1, device Mozilla/5.0 (Windows NT 10.0; Win64; x64) AppleWebKit/537.36 (KHTML, like Gecko) Chrome/145.0.0.0 Safari/537.36 Edg/145.0.0.0', NULL, NULL, 'Authentication', '2026-03-14 13:36:30'),
(7, 62, 'Client', 62, 'Login Success', 'User logged in from IP 127.0.0.1, device Mozilla/5.0 (Windows NT 10.0; Win64; x64) AppleWebKit/537.36 (KHTML, like Gecko) Chrome/145.0.0.0 Safari/537.36 Edg/145.0.0.0', NULL, NULL, 'Authentication', '2026-03-14 14:33:05'),
(8, 16, 'Client', 16, 'Magic Link Sent', 'Magic login link sent to sniff772@gmail.com at IP 127.0.0.1', NULL, NULL, 'Email', '2026-03-14 15:03:21'),
(9, 39, 'Client', 39, 'Magic Link Sent', 'Magic login link sent to rain.rios@fastek.ph at IP 127.0.0.1', NULL, NULL, 'Email', '2026-03-14 15:09:21'),
(10, 39, 'Client', 39, 'Magic Link Consumed', 'User successfully logged in using a magic link at 127.0.0.1', NULL, NULL, 'Authentication', '2026-03-14 15:09:35'),
(11, 39, 'Client', 39, 'Password Reset Token Verified', 'Password reset token verified for rain.rios@fastek.ph', NULL, NULL, 'Authentication', '2026-03-14 15:11:00'),
(12, 63, 'Client', 63, 'Account Registered', 'Account Registered at rain.rios@fastek.ph', NULL, NULL, 'Account', '2026-03-14 15:16:31'),
(13, 63, 'Client', 63, 'OTP Verified', 'User successfully verified a secure OTP for rain.rios@fastek.ph', NULL, NULL, 'Authentication', '2026-03-14 15:16:51'),
(14, 63, 'Client', 63, 'Requested Account Anonymization', 'Client requested account anonymization, pending 7-day completion', NULL, NULL, 'Anonymization', '2026-03-14 15:17:12'),
(15, 63, 'Client', 63, 'Magic Link Sent', 'Magic login link sent to rain.rios@fastek.ph at IP 127.0.0.1', NULL, NULL, 'Email', '2026-03-14 15:17:25'),
(16, 63, 'Client', 63, 'Recovered Account', 'Client restored their account after anonymization', NULL, NULL, 'Anonymization', '2026-03-14 15:18:04'),
(17, 63, 'Client', 63, 'Magic Link Consumed', 'User successfully logged in using a magic link at 127.0.0.1', NULL, NULL, 'Authentication', '2026-03-14 15:18:04'),
(18, 63, 'Client', 63, 'Login Success', 'User logged in from IP 127.0.0.1, device Mozilla/5.0 (Windows NT 10.0; Win64; x64) AppleWebKit/537.36 (KHTML, like Gecko) Chrome/145.0.0.0 Safari/537.36 Edg/145.0.0.0', NULL, NULL, 'Authentication', '2026-03-14 15:18:18'),
(19, 16, 'Client', 16, 'Login Success', 'User logged in from IP 127.0.0.1, device Mozilla/5.0 (Windows NT 10.0; Win64; x64) AppleWebKit/537.36 (KHTML, like Gecko) Chrome/146.0.0.0 Safari/537.36 Edg/146.0.0.0', NULL, NULL, 'Authentication', '2026-03-17 00:18:29'),
(20, 62, 'Client', 62, 'Login Success', 'User logged in from IP 127.0.0.1, device Mozilla/5.0 (Windows NT 10.0; Win64; x64) AppleWebKit/537.36 (KHTML, like Gecko) Chrome/146.0.0.0 Safari/537.36 Edg/146.0.0.0', NULL, NULL, 'Authentication', '2026-03-21 05:30:05');

-- --------------------------------------------------------

--
-- Table structure for table `chat_conversations`
--

CREATE TABLE `chat_conversations` (
  `conversation_id` int(11) NOT NULL,
  `client_id` int(11) NOT NULL,
  `admin_id` int(11) DEFAULT NULL,
  `status` enum('active','closed') NOT NULL DEFAULT 'active',
  `created_at` timestamp NOT NULL DEFAULT current_timestamp(),
  `updated_at` timestamp NOT NULL DEFAULT current_timestamp() ON UPDATE current_timestamp(),
  `last_message_at` timestamp NULL DEFAULT NULL
) ENGINE=InnoDB DEFAULT CHARSET=utf8mb4 COLLATE=utf8mb4_general_ci;

--
-- Dumping data for table `chat_conversations`
--

INSERT INTO `chat_conversations` (`conversation_id`, `client_id`, `admin_id`, `status`, `created_at`, `updated_at`, `last_message_at`) VALUES
(6, 39, NULL, 'active', '2026-02-11 11:17:05', '2026-03-21 03:25:23', '2026-03-21 03:25:23'),
(7, 41, NULL, 'active', '2026-02-17 13:45:31', '2026-03-01 07:27:29', '2026-03-01 07:27:29'),
(8, 42, NULL, 'active', '2026-02-22 00:30:15', '2026-03-07 03:51:36', '2026-03-07 03:51:36'),
(9, 43, NULL, 'active', '2026-02-28 14:05:53', '2026-03-08 00:15:41', '2026-03-08 00:15:41'),
(14, 62, NULL, 'active', '2026-03-14 07:28:20', '2026-03-14 07:28:20', NULL),
(15, 61, NULL, 'active', '2026-03-14 09:03:44', '2026-03-14 09:03:44', NULL),
(16, 63, NULL, 'active', '2026-03-14 15:16:52', '2026-03-14 15:16:52', NULL);

-- --------------------------------------------------------

--
-- Table structure for table `chat_messages`
--

CREATE TABLE `chat_messages` (
  `message_id` int(11) NOT NULL,
  `conversation_id` int(11) NOT NULL,
  `sender_id` int(11) NOT NULL,
  `message_text` text DEFAULT NULL,
  `file_path` varchar(255) DEFAULT NULL,
  `file_name` varchar(255) DEFAULT NULL,
  `file_type` varchar(50) DEFAULT NULL,
  `file_size` int(10) UNSIGNED DEFAULT NULL,
  `is_read` tinyint(1) NOT NULL DEFAULT 0,
  `created_at` timestamp NOT NULL DEFAULT current_timestamp(),
  `is_edited` tinyint(1) NOT NULL DEFAULT 0,
  `edited_at` timestamp NULL DEFAULT NULL,
  `is_deleted` tinyint(1) NOT NULL DEFAULT 0,
  `deleted_at` timestamp NULL DEFAULT NULL
) ENGINE=InnoDB DEFAULT CHARSET=utf8mb4 COLLATE=utf8mb4_general_ci;

--
-- Dumping data for table `chat_messages`
--

INSERT INTO `chat_messages` (`message_id`, `conversation_id`, `sender_id`, `message_text`, `file_path`, `file_name`, `file_type`, `file_size`, `is_read`, `created_at`, `is_edited`, `edited_at`, `is_deleted`, `deleted_at`) VALUES
(102, 7, 16, '📎 Transaction_Receipt_26_2026-02-28.pdf', 'uploads\\messages\\msg-1772349981199-76116364.pdf', 'Transaction_Receipt_26_2026-02-28.pdf', 'application/pdf', 10078, 0, '2026-03-01 07:26:21', 0, NULL, 0, NULL),
(103, 7, 16, 'hey', NULL, NULL, NULL, NULL, 0, '2026-03-01 07:26:32', 0, NULL, 0, NULL),
(104, 7, 16, '📎 Artworx_Orders_Report_2026-01-31_to_2026-02-28.pdf', 'uploads\\messages\\msg-1772349998596-569472956.pdf', 'Artworx_Orders_Report_2026-01-31_to_2026-02-28.pdf', 'application/pdf', 19878, 0, '2026-03-01 07:26:38', 0, NULL, 0, NULL),
(105, 7, 16, '📎 BOOSTRAP-PROJECT-PRE-FINALS.pdf', 'uploads\\messages\\msg-1772350049808-826079287.pdf', 'BOOSTRAP-PROJECT-PRE-FINALS.pdf', 'application/pdf', 46140, 0, '2026-03-01 07:27:29', 0, NULL, 0, NULL),
(140, 8, 16, 'hey', NULL, NULL, NULL, NULL, 0, '2026-03-07 03:51:16', 0, NULL, 0, NULL),
(141, 8, 16, 'hey', NULL, NULL, NULL, NULL, 0, '2026-03-07 03:51:36', 0, NULL, 0, NULL),
(150, 6, 39, 'anowasdf', NULL, NULL, NULL, NULL, 1, '2026-03-07 04:00:19', 1, '2026-03-07 04:00:23', 0, NULL),
(151, 6, 16, 'heyasdfasdf', NULL, NULL, NULL, NULL, 1, '2026-03-07 04:00:27', 1, '2026-03-07 04:00:30', 0, NULL),
(155, 6, 16, 'hey', NULL, NULL, NULL, NULL, 1, '2026-03-07 23:53:52', 0, NULL, 0, NULL),
(156, 6, 16, 'anoo', NULL, NULL, NULL, NULL, 1, '2026-03-07 23:54:13', 0, NULL, 0, NULL),
(159, 6, 39, 'asdfadsf', NULL, NULL, NULL, NULL, 1, '2026-03-14 03:03:20', 0, NULL, 0, NULL),
(160, 6, 39, 'HEYYYY', NULL, NULL, NULL, NULL, 1, '2026-03-14 03:15:35', 0, NULL, 0, NULL),
(161, 6, 16, 'HEY', NULL, NULL, NULL, NULL, 1, '2026-03-14 03:16:33', 0, NULL, 0, NULL);

-- --------------------------------------------------------

--
-- Table structure for table `document_process_transaction`
--

CREATE TABLE `document_process_transaction` (
  `transaction_id` int(11) NOT NULL,
  `client_id` int(11) NOT NULL,
  `service_id` int(11) NOT NULL,
  `current_status_id` int(11) NOT NULL,
  `created_at` timestamp NOT NULL DEFAULT current_timestamp(),
  `created_by` int(11) NOT NULL,
  `updated_at` timestamp NOT NULL DEFAULT current_timestamp() ON UPDATE current_timestamp(),
  `transaction_type` enum('appointment','walk_in') NOT NULL DEFAULT 'appointment',
  `ready_date` timestamp NULL DEFAULT NULL,
  `claim_deadline` timestamp NULL DEFAULT NULL,
  `penalty_amount` decimal(10,2) NOT NULL DEFAULT 0.00,
  `has_penalty` tinyint(1) NOT NULL DEFAULT 0
) ENGINE=InnoDB DEFAULT CHARSET=utf8mb4 COLLATE=utf8mb4_general_ci;

--
-- Dumping data for table `document_process_transaction`
--

INSERT INTO `document_process_transaction` (`transaction_id`, `client_id`, `service_id`, `current_status_id`, `created_at`, `created_by`, `updated_at`, `transaction_type`, `ready_date`, `claim_deadline`, `penalty_amount`, `has_penalty`) VALUES
(26, 39, 13, 5, '2026-02-12 02:08:51', 16, '2026-02-12 02:25:06', 'appointment', NULL, NULL, 0.00, 0),
(27, 39, 14, 5, '2026-02-12 02:08:51', 16, '2026-03-05 10:49:41', 'appointment', NULL, NULL, 0.00, 0),
(28, 39, 15, 5, '2026-02-12 02:08:51', 16, '2026-03-05 10:49:30', 'appointment', NULL, NULL, 0.00, 0),
(29, 41, 14, 5, '2026-02-17 13:55:05', 16, '2026-03-06 23:54:11', 'appointment', NULL, NULL, 0.00, 0),
(30, 41, 13, 5, '2026-02-17 23:32:28', 16, '2026-03-14 01:10:38', 'appointment', '2026-03-07 00:19:41', '2026-03-14 00:19:41', 0.00, 0),
(31, 41, 13, 1, '2026-02-17 23:32:37', 16, '2026-03-14 09:24:57', 'appointment', NULL, NULL, 0.00, 0),
(32, 41, 14, 4, '2026-02-17 23:37:06', 16, '2026-03-14 01:10:30', 'appointment', '2026-03-14 01:10:30', '2026-03-21 01:10:30', 0.00, 0),
(33, 41, 15, 6, '2026-02-17 23:39:17', 16, '2026-02-17 23:39:17', 'appointment', NULL, NULL, 0.00, 0),
(34, 41, 14, 4, '2026-02-18 00:50:02', 16, '2026-03-06 23:55:32', 'appointment', '2026-03-06 23:55:32', '2026-03-13 23:55:32', 0.00, 0),
(35, 42, 14, 4, '2026-03-03 02:09:12', 16, '2026-03-06 04:11:22', 'appointment', NULL, NULL, 0.00, 0),
(36, 42, 17, 4, '2026-03-03 02:09:12', 16, '2026-03-06 06:57:00', 'appointment', '2026-03-06 06:57:00', '2026-03-13 06:57:00', 0.00, 0),
(37, 42, 13, 4, '2026-03-03 02:09:12', 16, '2026-03-06 06:15:31', 'appointment', '2026-03-06 06:15:31', '2026-03-13 06:15:31', 0.00, 0),
(38, 39, 15, 5, '2026-03-03 06:48:37', 16, '2026-03-05 10:56:15', 'appointment', NULL, NULL, 0.00, 0),
(39, 39, 17, 5, '2026-03-03 06:48:37', 16, '2026-03-05 10:56:15', 'appointment', NULL, NULL, 0.00, 0),
(40, 39, 16, 5, '2026-03-03 06:48:37', 16, '2026-03-05 10:56:15', 'appointment', NULL, NULL, 0.00, 0),
(41, 39, 14, 5, '2026-03-03 06:48:37', 16, '2026-03-05 10:56:15', 'appointment', NULL, NULL, 0.00, 0),
(42, 39, 18, 5, '2026-03-03 06:48:37', 16, '2026-03-05 10:56:15', 'appointment', NULL, NULL, 0.00, 0),
(43, 39, 13, 5, '2026-03-03 06:48:37', 16, '2026-03-05 10:56:15', 'appointment', NULL, NULL, 0.00, 0),
(44, 39, 14, 1, '2026-03-05 15:28:38', 16, '2026-03-14 09:30:25', 'walk_in', NULL, NULL, 0.00, 0),
(45, 39, 14, 6, '2026-03-05 15:29:28', 16, '2026-03-05 15:29:28', 'walk_in', NULL, NULL, 0.00, 0),
(46, 39, 14, 6, '2026-03-06 02:00:39', 16, '2026-03-06 02:00:39', 'walk_in', NULL, NULL, 0.00, 0),
(47, 42, 13, 3, '2026-03-07 00:43:26', 16, '2026-03-14 09:33:08', 'appointment', NULL, NULL, 0.00, 0),
(48, 42, 14, 6, '2026-03-07 00:43:26', 16, '2026-03-07 00:43:26', 'appointment', NULL, NULL, 0.00, 0),
(49, 42, 16, 6, '2026-03-07 00:43:26', 16, '2026-03-07 00:43:26', 'appointment', NULL, NULL, 0.00, 0),
(50, 42, 17, 5, '2026-03-07 00:43:26', 16, '2026-03-07 11:30:13', 'appointment', '2026-03-07 11:29:58', '2026-03-14 11:29:58', 0.00, 0),
(51, 39, 15, 6, '2026-03-07 04:22:06', 16, '2026-03-07 04:22:06', 'walk_in', NULL, NULL, 0.00, 0),
(52, 39, 15, 6, '2026-03-14 01:10:59', 16, '2026-03-14 01:10:59', 'walk_in', NULL, NULL, 0.00, 0),
(53, 42, 14, 6, '2026-03-14 09:23:07', 16, '2026-03-14 09:23:07', 'appointment', NULL, NULL, 0.00, 0),
(54, 42, 16, 6, '2026-03-14 09:23:07', 16, '2026-03-14 09:23:07', 'appointment', NULL, NULL, 0.00, 0),
(55, 42, 14, 6, '2026-03-21 01:12:28', 16, '2026-03-21 01:12:28', 'appointment', NULL, NULL, 0.00, 0),
(56, 42, 16, 6, '2026-03-21 01:12:28', 16, '2026-03-21 01:12:28', 'appointment', NULL, NULL, 0.00, 0),
(57, 42, 15, 6, '2026-03-21 01:12:28', 16, '2026-03-21 01:12:28', 'appointment', NULL, NULL, 0.00, 0);

-- --------------------------------------------------------

--
-- Table structure for table `document_process_transaction_timestamp`
--

CREATE TABLE `document_process_transaction_timestamp` (
  `timestamp_id` int(11) NOT NULL,
  `transaction_id` int(11) NOT NULL,
  `status_id` int(11) NOT NULL,
  `changed_by` int(11) NOT NULL,
  `remarks` text DEFAULT NULL,
  `changed_at` timestamp NOT NULL DEFAULT current_timestamp()
) ENGINE=InnoDB DEFAULT CHARSET=utf8mb4 COLLATE=utf8mb4_general_ci;

--
-- Dumping data for table `document_process_transaction_timestamp`
--

INSERT INTO `document_process_transaction_timestamp` (`timestamp_id`, `transaction_id`, `status_id`, `changed_by`, `remarks`, `changed_at`) VALUES
(31, 26, 6, 16, 'Created from completed appointment #17', '2026-02-12 02:08:51'),
(32, 27, 6, 16, 'Created from completed appointment #17', '2026-02-12 02:08:51'),
(33, 28, 6, 16, 'Created from completed appointment #17', '2026-02-12 02:08:51'),
(34, 26, 1, 16, 'Submitted to the BIR', '2026-02-12 02:17:18'),
(35, 26, 3, 16, '', '2026-02-12 02:23:59'),
(36, 26, 4, 16, 'Your Document are now ready to claim', '2026-02-12 02:24:40'),
(37, 26, 5, 16, 'Documents Claimed By the client', '2026-02-12 02:25:06'),
(38, 29, 6, 16, 'Created from completed appointment #18', '2026-02-17 13:55:05'),
(39, 29, 1, 16, 'nasubmit na anudbdedmemde', '2026-02-17 13:57:36'),
(40, 29, 3, 16, '', '2026-02-17 13:58:20'),
(41, 28, 1, 16, 'swswsw', '2026-02-17 14:00:34'),
(42, 28, 2, 16, 'swswswssw', '2026-02-17 14:00:48'),
(43, 30, 6, 16, 'Created from completed appointment #19', '2026-02-17 23:32:28'),
(44, 31, 6, 16, 'Created from completed appointment #19', '2026-02-17 23:32:37'),
(45, 32, 6, 16, 'Created from completed appointment #21', '2026-02-17 23:37:06'),
(46, 33, 6, 16, 'Created from completed appointment #22', '2026-02-17 23:39:17'),
(47, 34, 6, 16, 'Created from completed appointment #23', '2026-02-18 00:50:02'),
(48, 34, 1, 16, 'mimmimm', '2026-02-18 00:51:19'),
(49, 27, 1, 16, '', '2026-02-22 00:24:30'),
(50, 27, 1, 16, '', '2026-02-22 00:24:46'),
(51, 27, 2, 16, '', '2026-02-22 00:25:21'),
(52, 35, 6, 16, 'Created from completed appointment #25', '2026-03-03 02:09:12'),
(53, 36, 6, 16, 'Created from completed appointment #25', '2026-03-03 02:09:12'),
(54, 37, 6, 16, 'Created from completed appointment #25', '2026-03-03 02:09:12'),
(55, 28, 3, 16, 'aaaaa', '2026-03-03 06:17:58'),
(56, 28, 4, 16, '', '2026-03-03 06:18:33'),
(57, 38, 6, 16, 'Created from completed appointment #28', '2026-03-03 06:48:37'),
(58, 39, 6, 16, 'Created from completed appointment #28', '2026-03-03 06:48:37'),
(59, 40, 6, 16, 'Created from completed appointment #28', '2026-03-03 06:48:37'),
(60, 41, 6, 16, 'Created from completed appointment #28', '2026-03-03 06:48:37'),
(61, 42, 6, 16, 'Created from completed appointment #28', '2026-03-03 06:48:37'),
(62, 43, 6, 16, 'Created from completed appointment #28', '2026-03-03 06:48:37'),
(63, 28, 4, 16, 'readyyy', '2026-03-05 00:12:20'),
(64, 27, 3, 16, '', '2026-03-05 10:48:17'),
(65, 27, 4, 16, '', '2026-03-05 10:48:32'),
(66, 29, 4, 16, '', '2026-03-05 10:48:40'),
(67, 28, 5, 16, '', '2026-03-05 10:49:30'),
(68, 27, 5, 16, '', '2026-03-05 10:49:41'),
(69, 30, 1, 16, '', '2026-03-05 10:51:43'),
(70, 44, 6, 16, 'Walk-in transaction created by admin', '2026-03-05 15:28:38'),
(71, 45, 6, 16, 'Walk-in transaction created by admin', '2026-03-05 15:29:28'),
(72, 46, 6, 16, 'Walk-in transaction created by admin', '2026-03-06 02:00:39'),
(73, 35, 4, 16, 'heyyyyyyyyyyyy', '2026-03-06 04:11:22'),
(74, 36, 4, 16, 'kahit ano basta ikaw', '2026-03-06 05:18:07'),
(75, 37, 4, 16, 'asdfadf', '2026-03-06 05:28:13'),
(76, 37, 5, 16, 'KAHIT NAHULOG YUNG KUTSARA TOL WALA PAPANTAY SAYO', '2026-03-06 05:38:18'),
(77, 37, 4, 16, 'Document ready to claim', '2026-03-06 05:38:18'),
(78, 37, 5, 16, 'asdf', '2026-03-06 06:13:24'),
(79, 37, 4, 16, 'Document ready to claim', '2026-03-06 06:13:24'),
(80, 37, 5, 16, 'asdfadsf', '2026-03-06 06:14:37'),
(81, 37, 4, 16, 'Document ready to claim', '2026-03-06 06:14:37'),
(82, 37, 5, 16, 'asdfasdf', '2026-03-06 06:15:14'),
(83, 37, 4, 16, 'Document ready to claim', '2026-03-06 06:15:14'),
(84, 37, 5, 16, '', '2026-03-06 06:15:31'),
(85, 37, 4, 16, 'Document ready to claim', '2026-03-06 06:15:31'),
(86, 30, 2, 16, 'asdf', '2026-03-06 06:54:22'),
(87, 34, 2, 16, '', '2026-03-06 06:56:02'),
(88, 36, 5, 16, 'asdf', '2026-03-06 06:57:00'),
(89, 36, 4, 16, 'Document ready to claim', '2026-03-06 06:57:00'),
(90, 29, 5, 16, 'adfsadf', '2026-03-06 23:54:11'),
(91, 34, 3, 16, 'adsf', '2026-03-06 23:55:02'),
(92, 34, 4, 16, 'asdfadfs', '2026-03-06 23:55:32'),
(93, 34, 4, 16, 'Document ready to claim', '2026-03-06 23:55:32'),
(94, 30, 3, 16, 'asdfasdf', '2026-03-07 00:19:30'),
(95, 30, 4, 16, 'asdf', '2026-03-07 00:19:41'),
(96, 30, 4, 16, 'Document ready to claim', '2026-03-07 00:19:41'),
(97, 47, 6, 16, 'Created from completed appointment #31', '2026-03-07 00:43:26'),
(98, 48, 6, 16, 'Created from completed appointment #31', '2026-03-07 00:43:26'),
(99, 49, 6, 16, 'Created from completed appointment #31', '2026-03-07 00:43:26'),
(100, 50, 6, 16, 'Created from completed appointment #31', '2026-03-07 00:43:26'),
(101, 50, 1, 16, 'asdf', '2026-03-07 00:45:08'),
(102, 51, 6, 16, 'Walk-in transaction created by admin', '2026-03-07 04:22:06'),
(103, 50, 2, 16, '', '2026-03-07 11:29:41'),
(104, 50, 3, 16, '', '2026-03-07 11:29:51'),
(105, 50, 4, 16, '', '2026-03-07 11:29:58'),
(106, 50, 4, 16, 'Document ready to claim', '2026-03-07 11:29:58'),
(107, 50, 5, 16, '', '2026-03-07 11:30:13'),
(108, 32, 1, 16, 'asdfasdf', '2026-03-07 13:43:43'),
(109, 32, 2, 16, 'asdf', '2026-03-14 01:10:12'),
(110, 32, 3, 16, 'asdf', '2026-03-14 01:10:20'),
(111, 32, 4, 16, 'asdfasdf', '2026-03-14 01:10:30'),
(112, 32, 4, 16, 'Document ready to claim', '2026-03-14 01:10:30'),
(113, 30, 5, 16, 'asdf', '2026-03-14 01:10:38'),
(114, 52, 6, 16, 'Walk-in transaction created by admin', '2026-03-14 01:10:59'),
(115, 53, 6, 16, 'Created from completed appointment #33', '2026-03-14 09:23:07'),
(116, 54, 6, 16, 'Created from completed appointment #33', '2026-03-14 09:23:07'),
(117, 31, 1, 16, 'asdf', '2026-03-14 09:24:57'),
(118, 47, 1, 16, 'asdf', '2026-03-14 09:29:06'),
(119, 44, 1, 16, 'asdf', '2026-03-14 09:30:25'),
(120, 47, 2, 16, 'adsf', '2026-03-14 09:32:28'),
(121, 47, 3, 16, 'asdf', '2026-03-14 09:33:08'),
(122, 55, 6, 16, 'Created from completed appointment #34', '2026-03-21 01:12:28'),
(123, 56, 6, 16, 'Created from completed appointment #34', '2026-03-21 01:12:28'),
(124, 57, 6, 16, 'Created from completed appointment #34', '2026-03-21 01:12:28');

-- --------------------------------------------------------

--
-- Table structure for table `document_process_transaction_timestamp_photo`
--

CREATE TABLE `document_process_transaction_timestamp_photo` (
  `ID` int(11) NOT NULL,
  `timestamp_id` int(11) NOT NULL,
  `file_path` varchar(120) DEFAULT NULL,
  `file_name` varchar(120) DEFAULT NULL,
  `file_size` varchar(120) DEFAULT NULL
) ENGINE=InnoDB DEFAULT CHARSET=utf8mb4 COLLATE=utf8mb4_general_ci;

--
-- Dumping data for table `document_process_transaction_timestamp_photo`
--

INSERT INTO `document_process_transaction_timestamp_photo` (`ID`, `timestamp_id`, `file_path`, `file_name`, `file_size`) VALUES
(1, 34, 'uploads\\transaction_photos\\transaction-1770862638136-417916456.jpg', 'transaction-1770862638136-417916456.jpg', '39643'),
(2, 35, 'uploads\\transaction_photos\\transaction-1770863039934-387357893.jpg', 'transaction-1770863039934-387357893.jpg', '215437'),
(3, 55, 'uploads\\transaction_photos\\transaction-1772518678945-716899637.jpg', 'transaction-1772518678945-716899637.jpg', '34196'),
(4, 63, 'uploads\\transaction_photos\\transaction-1772669540609-897536905.jpg', 'transaction-1772669540609-897536905.jpg', '75402'),
(5, 73, 'uploads\\transaction_photos\\transaction-1772770281920-35783120.jpg', 'transaction-1772770281920-35783120.jpg', '1755715'),
(6, 74, 'uploads\\transaction_photos\\transaction-1772774287201-956295886.jpg', 'transaction-1772774287201-956295886.jpg', '1755715'),
(7, 75, 'uploads\\transaction_photos\\transaction-1772774893433-920578110.png', 'transaction-1772774893433-920578110.png', '1466947'),
(8, 75, 'uploads\\transaction_photos\\transaction-1772774893453-61085427.png', 'transaction-1772774893453-61085427.png', '1499230'),
(9, 75, 'uploads\\transaction_photos\\transaction-1772774893468-308280428.png', 'transaction-1772774893468-308280428.png', '1804243'),
(10, 75, 'uploads\\transaction_photos\\transaction-1772774893482-542140936.png', 'transaction-1772774893482-542140936.png', '1867451'),
(11, 75, 'uploads\\transaction_photos\\transaction-1772774893496-92839101.png', 'transaction-1772774893496-92839101.png', '1067602'),
(12, 76, 'uploads\\transaction_photos\\transaction-1772775498504-492069576.png', 'transaction-1772775498504-492069576.png', '1466947'),
(13, 76, 'uploads\\transaction_photos\\transaction-1772775498536-621061455.png', 'transaction-1772775498536-621061455.png', '1499230'),
(14, 76, 'uploads\\transaction_photos\\transaction-1772775498573-488861873.png', 'transaction-1772775498573-488861873.png', '1804243'),
(15, 76, 'uploads\\transaction_photos\\transaction-1772775498590-774612921.png', 'transaction-1772775498590-774612921.png', '1867451'),
(16, 76, 'uploads\\transaction_photos\\transaction-1772775498603-916275539.png', 'transaction-1772775498603-916275539.png', '1067602'),
(17, 78, 'uploads\\transaction_photos\\transaction-1772777604154-745722243.png', 'transaction-1772777604154-745722243.png', '1466947'),
(18, 78, 'uploads\\transaction_photos\\transaction-1772777604170-57181185.png', 'transaction-1772777604170-57181185.png', '1499230'),
(19, 78, 'uploads\\transaction_photos\\transaction-1772777604183-893071810.png', 'transaction-1772777604183-893071810.png', '1804243'),
(20, 78, 'uploads\\transaction_photos\\transaction-1772777604195-543316886.png', 'transaction-1772777604195-543316886.png', '1867451'),
(21, 78, 'uploads\\transaction_photos\\transaction-1772777604208-609185809.png', 'transaction-1772777604208-609185809.png', '1067602'),
(22, 82, 'uploads\\transaction_photos\\transaction-1772777714179-699200970.png', 'transaction-1772777714179-699200970.png', '1867451'),
(23, 86, 'uploads\\transaction_photos\\transaction-1772780062671-440858027.png', 'transaction-1772780062671-440858027.png', '1499230'),
(24, 86, 'uploads\\transaction_photos\\transaction-1772780062695-146673865.png', 'transaction-1772780062695-146673865.png', '1804243'),
(25, 86, 'uploads\\transaction_photos\\transaction-1772780062723-310819519.png', 'transaction-1772780062723-310819519.png', '1867451'),
(26, 86, 'uploads\\transaction_photos\\transaction-1772780062744-25421551.png', 'transaction-1772780062744-25421551.png', '1067602'),
(27, 88, 'uploads\\transaction_photos\\transaction-1772780220527-354726009.png', 'transaction-1772780220527-354726009.png', '1067602'),
(28, 90, 'uploads\\transaction_photos\\transaction-1772841251849-340826015.png', 'transaction-1772841251849-340826015.png', '1804243'),
(29, 90, 'uploads\\transaction_photos\\transaction-1772841251875-276343202.png', 'transaction-1772841251875-276343202.png', '1867451'),
(30, 90, 'uploads\\transaction_photos\\transaction-1772841251894-372069515.png', 'transaction-1772841251894-372069515.png', '1067602'),
(31, 94, 'uploads\\transaction_photos\\transaction-1772842770523-637467776.png', 'transaction-1772842770523-637467776.png', '1499230'),
(32, 94, 'uploads\\transaction_photos\\transaction-1772842770544-582026525.png', 'transaction-1772842770544-582026525.png', '1804243'),
(33, 94, 'uploads\\transaction_photos\\transaction-1772842770566-868613113.png', 'transaction-1772842770566-868613113.png', '1867451'),
(34, 94, 'uploads\\transaction_photos\\transaction-1772842770581-608698704.png', 'transaction-1772842770581-608698704.png', '1067602'),
(35, 95, 'uploads\\transaction_photos\\transaction-1772842781651-145713051.png', 'transaction-1772842781651-145713051.png', '1499230'),
(36, 95, 'uploads\\transaction_photos\\transaction-1772842781671-511331880.png', 'transaction-1772842781671-511331880.png', '1804243'),
(37, 95, 'uploads\\transaction_photos\\transaction-1772842781686-198802421.png', 'transaction-1772842781686-198802421.png', '1867451'),
(38, 95, 'uploads\\transaction_photos\\transaction-1772842781700-506603622.png', 'transaction-1772842781700-506603622.png', '1067602'),
(39, 108, 'uploads\\transaction_photos\\transaction-1772891023552-480425730.gif', 'transaction-1772891023552-480425730.gif', '19197'),
(40, 117, 'uploads\\transaction_photos\\transaction-1773480297582-207363794.png', 'transaction-1773480297582-207363794.png', '22290');

-- --------------------------------------------------------

--
-- Table structure for table `holidays`
--

CREATE TABLE `holidays` (
  `holiday_id` int(11) NOT NULL,
  `holiday_name` varchar(120) NOT NULL,
  `holiday_date` date DEFAULT NULL COMMENT 'Exact date — required for non-recurring / variable holidays',
  `month` tinyint(4) DEFAULT NULL COMMENT 'Recurring: calendar month (1-12)',
  `day` tinyint(4) DEFAULT NULL COMMENT 'Recurring: day of month (1-31)',
  `is_recurring` tinyint(1) DEFAULT 0 COMMENT '1 = applies every year on same month+day',
  `holiday_type` enum('regular','special','custom') DEFAULT 'custom' COMMENT 'regular = RA-mandated; special = non-working; custom = admin-added',
  `description` varchar(255) DEFAULT NULL,
  `is_active` tinyint(1) DEFAULT 1,
  `created_by` int(11) DEFAULT NULL,
  `created_at` timestamp NOT NULL DEFAULT current_timestamp(),
  `updated_at` timestamp NOT NULL DEFAULT current_timestamp() ON UPDATE current_timestamp()
) ENGINE=InnoDB DEFAULT CHARSET=utf8mb4 COLLATE=utf8mb4_general_ci COMMENT='Stores regular, special, and custom holidays that block appointment booking';

--
-- Dumping data for table `holidays`
--

INSERT INTO `holidays` (`holiday_id`, `holiday_name`, `holiday_date`, `month`, `day`, `is_recurring`, `holiday_type`, `description`, `is_active`, `created_by`, `created_at`, `updated_at`) VALUES
(1, 'New Year\'s Day', NULL, 1, 1, 1, 'regular', 'January 1 — National public holiday', 1, NULL, '2026-03-12 04:14:35', '2026-03-12 05:24:11'),
(2, 'Araw ng Kagitingan', NULL, 4, 9, 1, 'regular', 'April 9 — Day of Valor / Bataan Day', 1, NULL, '2026-03-12 04:14:35', '2026-03-12 04:14:35'),
(3, 'Labor Day', NULL, 5, 1, 1, 'regular', 'May 1 — International Labor Day', 1, NULL, '2026-03-12 04:14:35', '2026-03-12 04:14:35'),
(4, 'Independence Day', NULL, 6, 12, 1, 'regular', 'June 12 — Philippine Independence Day', 1, NULL, '2026-03-12 04:14:35', '2026-03-12 04:14:35'),
(5, 'Ninoy Aquino Day', NULL, 8, 21, 1, 'regular', 'August 21', 1, NULL, '2026-03-12 04:14:35', '2026-03-12 04:14:35'),
(6, 'Bonifacio Day', NULL, 11, 30, 1, 'regular', 'November 30', 1, NULL, '2026-03-12 04:14:35', '2026-03-12 04:14:35'),
(7, 'Christmas Day', NULL, 12, 25, 1, 'regular', 'December 25', 1, NULL, '2026-03-12 04:14:35', '2026-03-12 04:14:35'),
(8, 'Rizal Day', NULL, 12, 30, 1, 'regular', 'December 30', 1, NULL, '2026-03-12 04:14:35', '2026-03-12 04:14:35'),
(9, 'EDSA People Power Anniversary', NULL, 2, 25, 1, 'special', 'February 25 — EDSA Revolution Anniversary', 1, NULL, '2026-03-12 04:14:35', '2026-03-12 04:14:35'),
(10, 'Chinese New Year', '2026-02-17', NULL, NULL, 0, 'special', 'Lunar New Year — date varies annually', 1, NULL, '2026-03-12 04:14:35', '2026-03-12 04:14:35'),
(11, 'Eid\'l Fitr', NULL, NULL, NULL, 0, 'special', 'End of Ramadan — date varies annually', 1, NULL, '2026-03-12 04:14:35', '2026-03-12 04:14:35'),
(12, 'Eid\'l Adha', NULL, NULL, NULL, 0, 'special', 'Feast of Sacrifice — date varies annually', 1, NULL, '2026-03-12 04:14:35', '2026-03-12 04:14:35'),
(13, 'National Heroes Day', '2026-08-31', NULL, NULL, 0, 'special', 'Last Monday of August — date varies annually', 1, NULL, '2026-03-12 04:14:35', '2026-03-12 04:14:35');

-- --------------------------------------------------------

--
-- Table structure for table `magic_link_tokens`
--

CREATE TABLE `magic_link_tokens` (
  `id` int(11) NOT NULL,
  `user_id` int(11) NOT NULL,
  `token_hash` char(64) NOT NULL,
  `expires_at` datetime NOT NULL,
  `used` tinyint(1) NOT NULL DEFAULT 0,
  `created_at` datetime NOT NULL DEFAULT current_timestamp()
) ENGINE=InnoDB DEFAULT CHARSET=utf8mb4 COLLATE=utf8mb4_unicode_ci;

--
-- Dumping data for table `magic_link_tokens`
--

INSERT INTO `magic_link_tokens` (`id`, `user_id`, `token_hash`, `expires_at`, `used`, `created_at`) VALUES
(1, 39, '43e82b171957b154b225e76be71735aa48ff93de8e4df2702546301e42c08821', '2026-03-09 10:32:55', 1, '2026-03-09 10:17:55'),
(2, 39, 'e49f72e2913db3d8a2f76d9403aa49013177290ccaa893869075ac28c57e2ec1', '2026-03-09 10:56:20', 1, '2026-03-09 10:41:20'),
(3, 39, '17112908868de147a5e58baa95513aa3a7088f4e64226806bb44dc2f7afe8ff0', '2026-03-09 11:08:04', 1, '2026-03-09 10:53:04'),
(4, 39, '753ab953519b4ec31c4a762433b2a4af31fcd23efcfeb099f4291db9de867c2c', '2026-03-09 11:11:11', 1, '2026-03-09 10:56:11'),
(5, 39, '0fc037c039a070906b768ae474dc07b708ed15079e8f8fd3ee786fd3d78a460f', '2026-03-09 11:27:55', 1, '2026-03-09 11:12:55'),
(6, 39, '14a0644edce140835daa0a3bdf5045de02ddb3f8ac87637598699d985c012b9a', '2026-03-09 11:35:51', 1, '2026-03-09 11:20:51'),
(7, 16, '7926cf0ec9c51771d3d21fb807b969dacccc0014c79cd5fe012dc4d754b6c639', '2026-03-09 11:36:52', 1, '2026-03-09 11:21:52'),
(8, 39, 'aefe3d581f38d734949b339c95e245ac99f7257eebb018f7ae0ce7d35efc9088', '2026-03-09 12:20:10', 1, '2026-03-09 12:05:10'),
(9, 39, 'ac306043220d9ca1e0b44921c0091c0b927da5cc07014f479264e8ae19e0103c', '2026-03-09 12:35:53', 1, '2026-03-09 12:20:53'),
(10, 39, 'b4872d49e2b14767d5be447df2283cc1b28dad65a6ad5c0ac9b980f377d3a79a', '2026-03-09 12:40:31', 1, '2026-03-09 12:25:31'),
(11, 39, '207292721be0adaf9df596118ad3ec3442ca9dfcb86d6ab686391dca475b51d3', '2026-03-10 17:25:16', 1, '2026-03-10 17:10:16'),
(12, 62, '4596b8aa5331c825d1da8df09791f49069904f75b7dc88f90d6ac8025296654f', '2026-03-14 16:28:15', 1, '2026-03-14 16:13:15'),
(13, 62, '58e8247defb970c32eb16bb4e7a21ac1572b86a13b00541958b0d4a642bab076', '2026-03-14 16:52:58', 1, '2026-03-14 16:37:58'),
(14, 62, '11c63f1377aa0311a3a352f3f00c6a9270c23545e7d4d0e856a2045083e55685', '2026-03-14 16:54:08', 1, '2026-03-14 16:39:08'),
(15, 62, '9171415e9c458e2be25cda322718c76a53239b5400dd705fbfcef9f06da61ec7', '2026-03-14 16:59:29', 1, '2026-03-14 16:44:29'),
(16, 61, '0fb35fe452b640d757f1a0e5ed70c68510b26a2c93de153757b33d49a54a8544', '2026-03-14 17:04:39', 1, '2026-03-14 16:49:39'),
(17, 61, '2ce09bd3f5640dfca24ec5c194734b5df97cffe3ba63b94cde3dcd34103b0517', '2026-03-14 17:05:36', 1, '2026-03-14 16:50:36'),
(18, 61, '7076717f4694efd307e970d8aafe5b35a65c320fce9b729b71214f649c1ddd6e', '2026-03-14 17:17:16', 1, '2026-03-14 17:02:16'),
(19, 61, '6373d956cf855abc1dfde6c3366ffeed0e6698c46a53a68e268e85ec5bfe80cd', '2026-03-14 17:23:01', 1, '2026-03-14 17:08:01'),
(20, 61, '7a40f9530c1a7f0340a5848e824c7356abe3393a08c821d85caa6c763d6c8cd2', '2026-03-14 17:25:19', 1, '2026-03-14 17:10:19'),
(21, 62, '24cd6cfe0559515af44586d12f4f17bfdb053c281070d6ff778cd8d22a85af65', '2026-03-14 17:30:02', 1, '2026-03-14 17:15:02'),
(22, 62, '73c287b433811d360eccc7d2bdc85f1a75ea81a6c94ee26d84ac22d7f067f775', '2026-03-14 17:34:28', 1, '2026-03-14 17:19:28'),
(23, 62, '1afe515422417b8e6737885a9e5ee92fdcf9007f0bbb57af8d3b714d9d2997c6', '2026-03-14 17:36:57', 1, '2026-03-14 17:21:57'),
(24, 62, '2112b83352bee6244ce440df192f5e53c99a645856f05694c123b3eb74eae4ca', '2026-03-14 17:41:44', 1, '2026-03-14 17:26:44'),
(25, 62, '0b3f540fb2e1cc22191c6cb60bba2d949cbf83cd559790ac176e878900ebf6c5', '2026-03-14 21:26:29', 1, '2026-03-14 21:11:29'),
(26, 62, 'cb4622af8ccf0dfd1b1fefb311a7b6105d590861b4788a4685886502fd1c3171', '2026-03-14 21:27:48', 1, '2026-03-14 21:12:48'),
(27, 16, '8b1176d8895fd80ad72be7d922070b4c38276d29d4f4f5b6a5bcaf446a1d0769', '2026-03-14 23:15:48', 1, '2026-03-14 23:00:48'),
(28, 16, '0f13aba3087661f7b8e14dd2f41bcc73c648ac1e142e6fddd6325b928c7bc725', '2026-03-14 23:18:18', 0, '2026-03-14 23:03:18'),
(29, 39, 'e1aa278629092c8ed1d0a94681700573910d60665d1804ef34d85898022b7eaa', '2026-03-14 23:24:19', 1, '2026-03-14 23:09:19'),
(30, 63, '8237ae64b5df974e6269c5002cf25b04f6b50e429754ff9299b99b4653e6638c', '2026-03-14 23:32:23', 1, '2026-03-14 23:17:23');

-- --------------------------------------------------------

--
-- Table structure for table `notifications`
--

CREATE TABLE `notifications` (
  `notification_id` int(11) NOT NULL,
  `user_id` int(11) NOT NULL COMMENT 'User who receives this notification',
  `type` varchar(100) NOT NULL DEFAULT 'general',
  `title` varchar(255) NOT NULL COMMENT 'Notification title/subject',
  `message` text NOT NULL COMMENT 'Notification content',
  `related_id` int(11) DEFAULT NULL,
  `is_read` tinyint(1) DEFAULT 0 COMMENT 'Whether user has read this notification',
  `created_at` timestamp NOT NULL DEFAULT current_timestamp()
) ENGINE=InnoDB DEFAULT CHARSET=utf8mb4 COLLATE=utf8mb4_general_ci COMMENT='Stores user notifications';

--
-- Dumping data for table `notifications`
--

INSERT INTO `notifications` (`notification_id`, `user_id`, `type`, `title`, `message`, `related_id`, `is_read`, `created_at`) VALUES
(28, 39, 'appointment', 'Appointment Created', 'Your appointment for 2026-02-21 at 10:00:00 has been submitted and is pending approval.', 17, 1, '2026-02-12 01:52:35'),
(29, 39, 'status_update', 'Document Process Created', 'Your document processing for service has been initiated from your completed appointment.', 20, 1, '2026-02-12 01:57:53'),
(30, 39, 'status_update', 'Document Process Created', 'Your document processing for service has been initiated from your completed appointment.', 21, 1, '2026-02-12 01:57:53'),
(31, 39, 'status_update', 'Document Process Created', 'Your document processing for service has been initiated from your completed appointment.', 22, 1, '2026-02-12 01:57:53'),
(32, 39, 'status_update', 'Document Process Created', 'Your document processing for service has been initiated from your completed appointment.', 23, 1, '2026-02-12 02:00:36'),
(33, 39, 'status_update', 'Document Process Created', 'Your document processing for service has been initiated from your completed appointment.', 24, 1, '2026-02-12 02:00:36'),
(34, 39, 'status_update', 'Document Process Created', 'Your document processing for service has been initiated from your completed appointment.', 25, 1, '2026-02-12 02:00:36'),
(35, 39, 'status_update', 'Document Process Created', 'Your document processing for service has been initiated from your completed appointment.', 26, 1, '2026-02-12 02:08:51'),
(36, 39, 'status_update', 'Document Process Created', 'Your document processing for service has been initiated from your completed appointment.', 27, 1, '2026-02-12 02:08:51'),
(37, 39, 'status_update', 'Document Process Created', 'Your document processing for service has been initiated from your completed appointment.', 28, 1, '2026-02-12 02:08:51'),
(38, 39, 'status_update', 'Document Process Update', 'Your Transfer of Title and Tax Declaration has been updated to: submitted', 26, 1, '2026-02-12 02:17:18'),
(39, 39, 'status_update', 'Document Process Update', 'Your Transfer of Title and Tax Declaration has been updated to: completed', 26, 1, '2026-02-12 02:23:59'),
(40, 39, 'status_update', 'Document Process Update', 'Your Transfer of Title and Tax Declaration has been updated to: to_claim', 26, 1, '2026-02-12 02:24:40'),
(41, 39, 'status_update', 'Document Process Update', 'Your Transfer of Title and Tax Declaration has been updated to: claimed', 26, 1, '2026-02-12 02:25:06'),
(42, 41, 'appointment', 'Appointment Created', 'Your appointment for 2026-02-21 at 10:00:00 has been submitted and is pending approval.', 18, 0, '2026-02-17 13:46:48'),
(43, 41, 'status_update', 'Document Process Created', 'Your document processing for service has been initiated from your completed appointment.', 29, 0, '2026-02-17 13:55:05'),
(44, 41, 'status_update', 'Document Process Update', 'Your Land/Condo Title Declaration has been updated to: submitted', 29, 0, '2026-02-17 13:57:36'),
(45, 41, 'status_update', 'Document Process Update', 'Your Land/Condo Title Declaration has been updated to: completed', 29, 0, '2026-02-17 13:58:20'),
(46, 39, 'status_update', 'Document Process Update', 'Your Cancellation of Mortgage has been updated to: submitted', 28, 1, '2026-02-17 14:00:34'),
(47, 39, 'status_update', 'Document Process Update', 'Your Cancellation of Mortgage has been updated to: ongoing', 28, 1, '2026-02-17 14:00:48'),
(48, 41, 'appointment', 'Appointment Created', 'Your appointment for 2026-02-20 at 10:00:00 has been submitted and is pending approval.', 19, 0, '2026-02-17 23:31:19'),
(49, 41, 'status_update', 'Document Process Created', 'Your document processing for service has been initiated from your completed appointment.', 30, 0, '2026-02-17 23:32:28'),
(50, 41, 'status_update', 'Document Process Created', 'Your document processing for service has been initiated from your completed appointment.', 31, 0, '2026-02-17 23:32:37'),
(51, 41, 'appointment', 'Appointment Created', 'Your appointment for 2026-02-20 at 11:00:00 has been submitted and is pending approval.', 20, 0, '2026-02-17 23:33:48'),
(52, 41, 'appointment', 'Appointment Cancelled', 'Your appointment has been cancelled successfully.', 20, 0, '2026-02-17 23:34:36'),
(53, 41, 'appointment', 'Appointment Created', 'Your appointment for 2026-02-27 at 14:00:00 has been submitted and is pending approval.', 21, 0, '2026-02-17 23:36:23'),
(54, 41, 'status_update', 'Document Process Created', 'Your document processing for service has been initiated from your completed appointment.', 32, 0, '2026-02-17 23:37:06'),
(55, 41, 'appointment', 'Appointment Created', 'Your appointment for 2026-02-20 at 09:00:00 has been submitted and is pending approval.', 22, 0, '2026-02-17 23:38:45'),
(56, 41, 'status_update', 'Document Process Created', 'Your document processing for service has been initiated from your completed appointment.', 33, 0, '2026-02-17 23:39:17'),
(57, 41, 'appointment', 'Appointment Created', 'Your appointment for 2026-03-05 at 10:00:00 has been submitted and is pending approval.', 23, 0, '2026-02-18 00:48:31'),
(58, 41, 'status_update', 'Document Process Created', 'Your document processing for service has been initiated from your completed appointment.', 34, 0, '2026-02-18 00:50:02'),
(59, 41, 'status_update', 'Document Process Update', 'Your Land/Condo Title Declaration has been updated to: submitted', 34, 0, '2026-02-18 00:51:19'),
(60, 41, 'appointment', 'Appointment Created', 'Your appointment for 2026-02-25 at 09:00:00 has been submitted and is pending approval.', 24, 0, '2026-02-21 23:18:09'),
(61, 39, 'status_update', 'Document Process Update', 'Your Land/Condo Title Declaration has been updated to: submitted', 27, 1, '2026-02-22 00:24:30'),
(62, 39, 'status_update', 'Document Process Update', 'Your Land/Condo Title Declaration has been updated to: submitted', 27, 1, '2026-02-22 00:24:46'),
(63, 39, 'status_update', 'Document Process Update', 'Your Land/Condo Title Declaration has been updated to: ongoing', 27, 1, '2026-02-22 00:25:21'),
(64, 42, 'appointment', 'Appointment Created', 'Your appointment for 2026-02-26 at 10:00:00 has been submitted and is pending approval.', 25, 0, '2026-02-22 00:30:49'),
(65, 41, 'appointment', 'Appointment Cancelled', 'Your appointment has been cancelled successfully.', 24, 0, '2026-02-22 00:33:28'),
(66, 41, 'appointment', 'Appointment Created', 'Your appointment for 2026-02-23 at 09:00:00 has been submitted and is pending approval.', 26, 0, '2026-02-22 00:33:59'),
(67, 42, 'status_update', 'Document Process Created', 'Your document processing for service has been initiated from your completed appointment.', 35, 0, '2026-03-03 02:09:12'),
(68, 42, 'status_update', 'Document Process Created', 'Your document processing for service has been initiated from your completed appointment.', 36, 0, '2026-03-03 02:09:12'),
(69, 42, 'status_update', 'Document Process Created', 'Your document processing for service has been initiated from your completed appointment.', 37, 0, '2026-03-03 02:09:12'),
(70, 39, 'appointment', 'Appointment Created', 'Your appointment for 2026-03-05 at 13:00:00 has been submitted and is pending approval.', 27, 1, '2026-03-03 03:18:37'),
(71, 39, 'appointment', 'Appointment Approved', 'Your appointment for 2026-03-05 at 10:00:00 has been submitted and approved.', 28, 1, '2026-03-03 04:36:56'),
(72, 39, 'status_update', 'Document Process Update', 'Your Cancellation of Mortgage has been updated to: completed', 28, 1, '2026-03-03 06:17:58'),
(73, 39, 'status_update', 'Document Process Update', 'Your Cancellation of Mortgage has been updated to: to_claim', 28, 1, '2026-03-03 06:18:33'),
(74, 39, 'status_update', 'Document Process Created', 'Your document processing for service has been initiated from your completed appointment.', 38, 1, '2026-03-03 06:48:37'),
(75, 39, 'status_update', 'Document Process Created', 'Your document processing for service has been initiated from your completed appointment.', 39, 1, '2026-03-03 06:48:37'),
(76, 39, 'status_update', 'Document Process Created', 'Your document processing for service has been initiated from your completed appointment.', 40, 1, '2026-03-03 06:48:37'),
(77, 39, 'status_update', 'Document Process Created', 'Your document processing for service has been initiated from your completed appointment.', 41, 1, '2026-03-03 06:48:37'),
(78, 39, 'status_update', 'Document Process Created', 'Your document processing for service has been initiated from your completed appointment.', 42, 1, '2026-03-03 06:48:37'),
(79, 39, 'status_update', 'Document Process Created', 'Your document processing for service has been initiated from your completed appointment.', 43, 1, '2026-03-03 06:48:37'),
(80, 39, 'appointment', 'Appointment Approved', 'Your appointment for 2026-03-05 at 10:00:00 has been submitted and approved.', 29, 1, '2026-03-03 09:29:01'),
(81, 41, 'appointment', 'Appointment Lapsed', 'Your appointment on Mon Feb 23 2026 00:00:00 GMT+0800 (Taipei Standard Time) at 09:00:00 has lapsed.', 26, 0, '2026-03-04 23:30:00'),
(82, 39, 'status_update', 'Document Process Update', 'Your Cancellation of Mortgage has been updated to: to_claim', 28, 1, '2026-03-05 00:12:20'),
(83, 39, 'appointment', 'Appointment Lapsed', 'Your appointment on Thu Mar 05 2026 00:00:00 GMT+0800 (Taipei Standard Time) at 10:00:00 has lapsed.', 29, 1, '2026-03-05 07:30:00'),
(84, 39, 'status_update', 'Document Process Update', 'Your Land/Condo Title Declaration has been updated to: completed', 27, 1, '2026-03-05 10:48:17'),
(85, 39, 'status_update', 'Document Process Update', 'Your Land/Condo Title Declaration has been updated to: to_claim', 27, 1, '2026-03-05 10:48:32'),
(86, 41, 'status_update', 'Document Process Update', 'Your Land/Condo Title Declaration has been updated to: to_claim', 29, 0, '2026-03-05 10:48:40'),
(87, 39, 'status_update', 'Document Process Update', 'Your Cancellation of Mortgage has been updated to: claimed', 28, 1, '2026-03-05 10:49:30'),
(88, 39, 'status_update', 'Document Process Update', 'Your Land/Condo Title Declaration has been updated to: claimed', 27, 1, '2026-03-05 10:49:41'),
(89, 41, 'status_update', 'Document Process Update', 'Your Transfer of Title and Tax Declaration has been updated to: submitted', 30, 0, '2026-03-05 10:51:43'),
(90, 39, 'appointment', 'Appointment Approved', 'Your appointment for 2026-11-22 at 16:00:00 has been submitted and approved.', 30, 1, '2026-03-05 15:03:41'),
(91, 39, 'walk_in_created', 'Walk-In Transaction Created', 'A walk-in transaction has been created for you by the office.', 44, 1, '2026-03-05 15:28:38'),
(92, 39, 'walk_in_created', 'Walk-In Transaction Created', 'A walk-in transaction has been created for you by the office.', 45, 1, '2026-03-05 15:29:28'),
(93, 16, 'testimonial_submitted', 'New Testimonial Submitted', 'A 5-star testimonial was submitted for transaction #40', 40, 0, '2026-03-06 01:05:30'),
(94, 16, 'testimonial_submitted', 'New Testimonial Submitted', 'A 5-star testimonial was submitted for transaction #38', 38, 0, '2026-03-06 01:06:05'),
(95, 39, 'walk_in_created', 'Walk-In Transaction Created', 'A walk-in transaction has been created for you by the office.', 46, 1, '2026-03-06 02:00:39'),
(96, 42, 'status_update', 'Document Process Update', 'Your Land/Condo Title Declaration has been updated to: to_claim', 35, 0, '2026-03-06 04:11:22'),
(97, 42, 'status_update', 'Document Process Update', 'Your Subdivision / Consolidation of Title / Land Appraisal / E-Titling has been updated to: to_claim', 36, 0, '2026-03-06 05:18:07'),
(98, 42, 'status_update', 'Document Process Update', 'Your Transfer of Title and Tax Declaration has been updated to: to_claim', 37, 0, '2026-03-06 05:28:13'),
(99, 42, 'status_update', 'Document Process Update', 'Your Transfer of Title and Tax Declaration has been updated to: claimed', 37, 0, '2026-03-06 05:38:18'),
(100, 42, 'status_update', 'Document Ready to Claim', 'Your Transfer of Title and Tax Declaration is ready. Claim by 3/13/2026 to avoid a ₱200 penalty fee.', 37, 0, '2026-03-06 05:38:18'),
(101, 42, 'status_update', 'Document Process Update', 'Your Transfer of Title and Tax Declaration has been updated to: claimed', 37, 0, '2026-03-06 06:13:24'),
(102, 42, 'status_update', 'Document Ready to Claim', 'Your Transfer of Title and Tax Declaration is ready. Claim by 3/13/2026 to avoid a ₱200 penalty fee.', 37, 0, '2026-03-06 06:13:24'),
(103, 42, 'status_update', 'Document Process Update', 'Your Transfer of Title and Tax Declaration has been updated to: claimed', 37, 0, '2026-03-06 06:14:37'),
(104, 42, 'status_update', 'Document Ready to Claim', 'Your Transfer of Title and Tax Declaration is ready. Claim by 3/13/2026 to avoid a ₱200 penalty fee.', 37, 0, '2026-03-06 06:14:37'),
(105, 42, 'status_update', 'Document Process Update', 'Your Transfer of Title and Tax Declaration has been updated to: claimed', 37, 0, '2026-03-06 06:15:14'),
(106, 42, 'status_update', 'Document Ready to Claim', 'Your Transfer of Title and Tax Declaration is ready. Claim by 3/13/2026 to avoid a ₱200 penalty fee.', 37, 0, '2026-03-06 06:15:14'),
(107, 42, 'status_update', 'Document Process Update', 'Your Transfer of Title and Tax Declaration has been updated to: claimed', 37, 0, '2026-03-06 06:15:31'),
(108, 42, 'status_update', 'Document Ready to Claim', 'Your Transfer of Title and Tax Declaration is ready. Claim by 3/13/2026 to avoid a ₱200 penalty fee.', 37, 0, '2026-03-06 06:15:31'),
(109, 41, 'status_update', 'Document Process Update', 'Your Transfer of Title and Tax Declaration has been updated to: ongoing', 30, 0, '2026-03-06 06:54:23'),
(110, 41, 'status_update', 'Document Process Update', 'Your Land/Condo Title Declaration has been updated to: ongoing', 34, 0, '2026-03-06 06:56:02'),
(111, 42, 'status_update', 'Document Process Update', 'Your Subdivision / Consolidation of Title / Land Appraisal / E-Titling has been updated to: claimed', 36, 0, '2026-03-06 06:57:00'),
(112, 42, 'status_update', 'Document Ready to Claim', 'Your Subdivision / Consolidation of Title / Land Appraisal / E-Titling is ready. Claim by 3/13/2026 to avoid a ₱200 penalty fee.', 36, 0, '2026-03-06 06:57:00'),
(113, 41, 'status_update', 'Document Process Update', 'Your Land/Condo Title Declaration has been updated to: claimed', 29, 0, '2026-03-06 23:54:11'),
(114, 41, 'status_update', 'Document Process Update', 'Your Land/Condo Title Declaration has been updated to: completed', 34, 0, '2026-03-06 23:55:02'),
(115, 41, 'status_update', 'Document Process Update', 'Your Land/Condo Title Declaration has been updated to: to_claim', 34, 0, '2026-03-06 23:55:32'),
(116, 41, 'status_update', 'Document Ready to Claim', 'Your Land/Condo Title Declaration is ready. Claim by 3/14/2026 to avoid a ₱200 penalty fee.', 34, 0, '2026-03-06 23:55:32'),
(117, 41, 'status_update', 'Document Process Update', 'Your Transfer of Title and Tax Declaration has been updated to: completed', 30, 0, '2026-03-07 00:19:30'),
(118, 41, 'status_update', 'Document Process Update', 'Your Transfer of Title and Tax Declaration has been updated to: to_claim', 30, 0, '2026-03-07 00:19:41'),
(119, 41, 'status_update', 'Document Ready to Claim', 'Your Transfer of Title and Tax Declaration is ready. Claim by 3/14/2026 to avoid a ₱200 penalty fee.', 30, 0, '2026-03-07 00:19:41'),
(120, 42, 'appointment', 'Appointment Approved', 'Your appointment for 2026-03-14 at 16:00:00 has been submitted and approved.', 31, 0, '2026-03-07 00:42:22'),
(121, 42, 'status_update', 'Document Process Created', 'Your document processing for service has been initiated from your completed appointment.', 47, 0, '2026-03-07 00:43:26'),
(122, 42, 'status_update', 'Document Process Created', 'Your document processing for service has been initiated from your completed appointment.', 48, 0, '2026-03-07 00:43:26'),
(123, 42, 'status_update', 'Document Process Created', 'Your document processing for service has been initiated from your completed appointment.', 49, 0, '2026-03-07 00:43:26'),
(124, 42, 'status_update', 'Document Process Created', 'Your document processing for service has been initiated from your completed appointment.', 50, 0, '2026-03-07 00:43:26'),
(125, 42, 'status_update', 'Document Process Update', 'Your Subdivision / Consolidation of Title / Land Appraisal / E-Titling has been updated to: submitted', 50, 0, '2026-03-07 00:45:08'),
(126, 42, 'appointment', 'Appointment Approved', 'Your appointment for 2026-03-10 at 08:00:00 has been submitted and approved.', 32, 0, '2026-03-07 00:51:02'),
(127, 42, 'appointment', 'Appointment Cancelled', 'Your appointment has been cancelled successfully.', 32, 0, '2026-03-07 00:53:01'),
(128, 42, 'appointment', 'Appointment Cancelled', 'Your appointment has been cancelled successfully.', 32, 0, '2026-03-07 00:53:01'),
(129, 42, 'appointment', 'Appointment Approved', 'Your appointment for 2026-03-11 at 14:00:00 has been submitted and approved.', 33, 0, '2026-03-07 00:53:15'),
(130, 42, 'appointment', 'Appointment Approved', 'Your appointment for 2026-03-11 at 14:00:00 has been submitted and approved.', 34, 0, '2026-03-07 00:53:15'),
(131, 42, 'appointment', 'Appointment Approved', 'Your appointment for 2026-03-11 at 14:00:00 has been submitted and approved.', 35, 0, '2026-03-07 00:53:15'),
(132, 42, 'appointment', 'Appointment Approved', 'Your appointment for 2026-03-20 at 11:00:00 has been submitted and approved.', 36, 0, '2026-03-07 01:04:10'),
(133, 42, 'appointment', 'Appointment Approved', 'Your appointment for 2026-03-18 at 16:00:00 has been submitted and approved.', 37, 0, '2026-03-07 01:04:29'),
(134, 42, 'appointment', 'Appointment Approved', 'Your appointment for 2026-03-11 at 10:00:00 has been submitted and approved.', 38, 0, '2026-03-07 01:05:09'),
(135, 42, 'appointment', 'Appointment Approved', 'Your appointment for 2026-03-11 at 10:00:00 has been submitted and approved.', 39, 0, '2026-03-07 01:06:37'),
(136, 39, 'walk_in_created', 'Walk-In Transaction Created', 'A walk-in transaction has been created for you by the office.', 51, 1, '2026-03-07 04:22:06'),
(137, 42, 'status_update', 'Document Process Update', 'Your Subdivision / Consolidation of Title / Land Appraisal / E-Titling has been updated to: ongoing', 50, 0, '2026-03-07 11:29:41'),
(138, 42, 'status_update', 'Document Process Update', 'Your Subdivision / Consolidation of Title / Land Appraisal / E-Titling has been updated to: completed', 50, 0, '2026-03-07 11:29:51'),
(139, 42, 'status_update', 'Document Process Update', 'Your Subdivision / Consolidation of Title / Land Appraisal / E-Titling has been updated to: to_claim', 50, 0, '2026-03-07 11:29:58'),
(140, 42, 'status_update', 'Document Ready to Claim', 'Your Subdivision / Consolidation of Title / Land Appraisal / E-Titling is ready. Claim by 3/14/2026 to avoid a ₱200 penalty fee.', 50, 0, '2026-03-07 11:29:58'),
(141, 42, 'status_update', 'Document Process Update', 'Your Subdivision / Consolidation of Title / Land Appraisal / E-Titling has been updated to: claimed', 50, 0, '2026-03-07 11:30:13'),
(142, 41, 'status_update', 'Document Process Update', 'Your Land/Condo Title Declaration has been updated to: submitted', 32, 0, '2026-03-07 13:43:43'),
(143, 39, 'ban_applied', 'Account Banned', 'Your account has been permanently banned.', NULL, 1, '2026-03-08 03:07:39'),
(144, 41, 'ban_applied', 'Account Banned', 'Your account has been banned until 3/11/2026, 11:09:52 AM.', NULL, 0, '2026-03-08 03:09:52'),
(145, 41, 'ban_applied', 'Account Banned', 'Your account has been banned until 3/11/2026, 11:10:42 AM.', NULL, 0, '2026-03-08 03:10:42'),
(146, 39, 'ban_applied', 'Account Banned', 'Your account has been banned until 3/11/2026, 11:12:38 AM.', NULL, 1, '2026-03-08 03:12:38'),
(147, 39, 'ban_applied', 'Account Banned', 'Your account has been banned until 3/11/2026, 11:13:59 AM.', NULL, 1, '2026-03-08 03:13:59'),
(148, 39, 'ban_applied', 'Account Banned', 'Your account has been banned until 3/12/2026, 11:22:12 AM.', NULL, 1, '2026-03-09 03:22:12'),
(149, 39, 'appointment', 'Appointment Cancelled', 'Your appointment has been cancelled successfully.', 30, 1, '2026-03-12 04:37:49'),
(150, 39, 'appointment', 'Appointment Approved', 'Your appointment for 2028-11-24 at 13:00:00 has been successfully submitted and marked as approved.', 40, 1, '2026-03-12 04:45:08'),
(151, 41, 'status_update', 'Document Process Update', 'Your Land/Condo Title Declaration has been updated to: ongoing', 32, 0, '2026-03-14 01:10:12'),
(152, 41, 'status_update', 'Document Process Update', 'Your Land/Condo Title Declaration has been updated to: completed', 32, 0, '2026-03-14 01:10:20'),
(153, 41, 'status_update', 'Document Process Update', 'Your Land/Condo Title Declaration has been updated to: to_claim', 32, 0, '2026-03-14 01:10:30'),
(154, 41, 'status_update', 'Document Ready to Claim', 'Your Land/Condo Title Declaration is ready. Claim by 3/21/2026 to avoid a ₱200 penalty fee.', 32, 0, '2026-03-14 01:10:30'),
(155, 41, 'status_update', 'Document Process Update', 'Your Transfer of Title and Tax Declaration has been updated to: claimed', 30, 0, '2026-03-14 01:10:38'),
(156, 39, 'walk_in_created', 'Walk-In Transaction Created', 'A walk-in transaction has been created for you by the office.', 52, 1, '2026-03-14 01:10:59'),
(157, 39, 'appointment', 'Appointment Cancelled', 'Your appointment has been cancelled successfully.', 40, 0, '2026-03-14 04:25:09'),
(158, 42, 'status_update', 'Document Process Created', 'Your document processing for service has been initiated from your completed appointment.', 53, 0, '2026-03-14 09:23:07'),
(159, 42, 'status_update', 'Document Process Created', 'Your document processing for service has been initiated from your completed appointment.', 54, 0, '2026-03-14 09:23:07'),
(160, 41, 'status_update', 'Document Process Update', 'Your Transfer of Title and Tax Declaration has been updated to: submitted', 31, 0, '2026-03-14 09:24:57'),
(161, 42, 'status_update', 'Document Process Update', 'Your Transfer of Title and Tax Declaration has been updated to: submitted', 47, 0, '2026-03-14 09:29:06'),
(162, 39, 'status_update', 'Document Process Update', 'Your Land/Condo Title Declaration has been updated to: submitted', 44, 0, '2026-03-14 09:30:25'),
(163, 42, 'status_update', 'Document Process Update', 'Your Transfer of Title and Tax Declaration has been updated to: ongoing', 47, 0, '2026-03-14 09:32:28'),
(164, 42, 'status_update', 'Document Process Update', 'Your Transfer of Title and Tax Declaration has been updated to: completed', 47, 0, '2026-03-14 09:33:08'),
(165, 42, 'status_update', 'Document Process Created', 'Your document processing for service has been initiated from your completed appointment.', 55, 0, '2026-03-21 01:12:28'),
(166, 42, 'status_update', 'Document Process Created', 'Your document processing for service has been initiated from your completed appointment.', 56, 0, '2026-03-21 01:12:28'),
(167, 42, 'status_update', 'Document Process Created', 'Your document processing for service has been initiated from your completed appointment.', 57, 0, '2026-03-21 01:12:28'),
(168, 42, 'appointment', 'Appointment Cancelled', 'Your appointment has been cancelled successfully.', 35, 0, '2026-03-21 03:32:11'),
(169, 42, 'appointment', 'Appointment Cancelled', 'Your appointment has been cancelled successfully.', 36, 0, '2026-03-21 03:33:40'),
(170, 42, 'appointment', 'Appointment Cancelled', 'Your appointment has been cancelled successfully.', 37, 0, '2026-03-21 03:47:25'),
(171, 42, 'appointment', 'Appointment Cancelled', 'Your appointment has been cancelled successfully.', 37, 0, '2026-03-21 03:47:41'),
(172, 42, 'appointment', 'Appointment Cancelled', 'Your appointment has been cancelled successfully.', 39, 0, '2026-03-21 03:47:53');

-- --------------------------------------------------------

--
-- Table structure for table `services`
--

CREATE TABLE `services` (
  `service_id` int(11) NOT NULL,
  `service_name` varchar(150) NOT NULL,
  `description` text DEFAULT NULL,
  `created_at` timestamp NOT NULL DEFAULT current_timestamp(),
  `is_active` int(11) NOT NULL DEFAULT 1
) ENGINE=InnoDB DEFAULT CHARSET=utf8mb4 COLLATE=utf8mb4_general_ci;

--
-- Dumping data for table `services`
--

INSERT INTO `services` (`service_id`, `service_name`, `description`, `created_at`, `is_active`) VALUES
(13, 'Transfer of Title and Tax Declaration', 'Processing and assistance in transferring land or property titles including tax declaration updates.', '2026-02-12 01:50:02', 1),
(14, 'Land/Condo Title Declaration', 'Assistance in processing and securing land or condominium title declarations.', '2026-02-12 01:50:02', 1),
(15, 'Cancellation of Mortgage', 'Legal processing and documentation for cancellation of mortgage records.', '2026-02-12 01:50:02', 1),
(16, 'Extra Judicial Settlement / Tax Amnesty / Reconstruction of Lost Title', 'Assistance with extra judicial settlement of estate, tax amnesty applications, and reconstruction of lost land titles.', '2026-02-12 01:50:02', 1),
(17, 'Subdivision / Consolidation of Title / Land Appraisal / E-Titling', 'Processing of land subdivision, consolidation of titles, property appraisal, and electronic titling services.', '2026-02-12 01:50:02', 1),
(18, 'Payment of Real Estate Property Tax & Tax Clearance', 'Assistance in payment of real property taxes and securing tax clearance documents.', '2026-02-12 01:50:02', 1),
(19, 'Other Related Documentation Services', 'Additional real estate and land documentation services depending on client needs.', '2026-02-12 01:50:02', 1);

-- --------------------------------------------------------

--
-- Table structure for table `status`
--

CREATE TABLE `status` (
  `status_id` int(11) NOT NULL,
  `status_name` varchar(50) NOT NULL,
  `description` varchar(255) DEFAULT NULL
) ENGINE=InnoDB DEFAULT CHARSET=utf8mb4 COLLATE=utf8mb4_general_ci;

--
-- Dumping data for table `status`
--

INSERT INTO `status` (`status_id`, `status_name`, `description`) VALUES
(1, 'submitted', 'Document has been submitted and is waiting to be process'),
(2, 'ongoing', 'Document is currently being processed'),
(3, 'completed', 'Document processing is completed'),
(4, 'to_claim', 'Document is ready for client to claim'),
(5, 'claimed', 'Document has been claimed and process is finished'),
(6, 'pending', 'Document has been pending to submitt');

-- --------------------------------------------------------

--
-- Table structure for table `testimonials`
--

CREATE TABLE `testimonials` (
  `testimonial_id` int(11) NOT NULL,
  `transaction_id` int(11) NOT NULL,
  `user_id` int(11) NOT NULL,
  `initials` varchar(20) NOT NULL COMMENT 'e.g. Mr. J.D.',
  `sex` varchar(20) DEFAULT NULL,
  `rating` tinyint(1) NOT NULL CHECK (`rating` between 1 and 5),
  `message` text NOT NULL,
  `is_visible` tinyint(1) NOT NULL DEFAULT 1,
  `created_at` timestamp NOT NULL DEFAULT current_timestamp()
) ENGINE=InnoDB DEFAULT CHARSET=utf8mb4 COLLATE=utf8mb4_general_ci;

--
-- Dumping data for table `testimonials`
--

INSERT INTO `testimonials` (`testimonial_id`, `transaction_id`, `user_id`, `initials`, `sex`, `rating`, `message`, `is_visible`, `created_at`) VALUES
(1, 40, 39, 'Mr. S.D.', 'Male', 5, 'GOOD EXCELLENT FAST', 1, '2026-03-06 01:05:30'),
(2, 38, 39, 'Mr. S.D.', 'Male', 5, 'good excellent fast', 1, '2026-03-06 01:06:05');

-- --------------------------------------------------------

--
-- Table structure for table `users`
--

CREATE TABLE `users` (
  `id` int(11) NOT NULL,
  `email` varchar(255) DEFAULT NULL,
  `phone_number` varchar(255) DEFAULT NULL,
  `verification_code` varchar(255) DEFAULT NULL,
  `first_name` varchar(255) DEFAULT NULL,
  `last_name` varchar(255) DEFAULT NULL,
  `middle_name` varchar(255) DEFAULT NULL,
  `picture` varchar(500) DEFAULT NULL,
  `role` enum('admin','client','staff') DEFAULT 'client',
  `is_active` tinyint(1) DEFAULT 1,
  `created_at` timestamp NOT NULL DEFAULT current_timestamp(),
  `updated_at` timestamp NOT NULL DEFAULT current_timestamp() ON UPDATE current_timestamp(),
  `last_login` timestamp NULL DEFAULT NULL,
  `username` varchar(255) NOT NULL,
  `code_expires_at` timestamp NULL DEFAULT NULL,
  `password` varchar(120) DEFAULT NULL,
  `is_verified` int(11) NOT NULL DEFAULT 0,
  `token_id` varchar(120) DEFAULT NULL,
  `sex` varchar(20) DEFAULT NULL,
  `last_seen` timestamp NULL DEFAULT NULL,
  `login_attempts` int(11) NOT NULL DEFAULT 0,
  `login_last_attempt` timestamp NULL DEFAULT NULL,
  `login_cooldown_until` timestamp NULL DEFAULT NULL,
  `otp_attempts` int(11) NOT NULL DEFAULT 0,
  `otp_lock_until` timestamp NULL DEFAULT NULL,
  `is_banned` tinyint(1) NOT NULL DEFAULT 0,
  `ban_type` enum('3_days','30_days','permanent') DEFAULT NULL,
  `ban_until` timestamp NULL DEFAULT NULL,
  `ban_reason` varchar(500) DEFAULT NULL,
  `deleted_at` timestamp NULL DEFAULT NULL,
  `is_online` tinyint(1) NOT NULL DEFAULT 0
) ENGINE=InnoDB DEFAULT CHARSET=utf8mb4 COLLATE=utf8mb4_general_ci;

--
-- Dumping data for table `users`
--

INSERT INTO `users` (`id`, `email`, `phone_number`, `verification_code`, `first_name`, `last_name`, `middle_name`, `picture`, `role`, `is_active`, `created_at`, `updated_at`, `last_login`, `username`, `code_expires_at`, `password`, `is_verified`, `token_id`, `sex`, `last_seen`, `login_attempts`, `login_last_attempt`, `login_cooldown_until`, `otp_attempts`, `otp_lock_until`, `is_banned`, `ban_type`, `ban_until`, `ban_reason`, `deleted_at`, `is_online`) VALUES
(16, 'sniff772@gmail.com', NULL, NULL, 'Rance Kayron', 'Rios', 'Luyong', NULL, 'admin', 1, '2026-01-20 10:31:50', '2026-03-12 03:14:08', NULL, 'rancerios', NULL, '$2b$10$vfV.vuqlyL5cevaFa80a6uDUZlPIYM8/3sOwcT4zlCerQAwaUqZie', 1, NULL, 'Male', NULL, 0, NULL, NULL, 0, NULL, 0, NULL, NULL, NULL, NULL, 0),
(39, 'adsfafd', NULL, 'e3f3cb0d42b3964542ee2ae5cf6bcc9ff2eeb82dc376f2f6db974c462d16add3', 'Shammy Kennan', 'Din', '', NULL, 'client', 1, '2026-01-22 03:07:09', '2026-03-14 15:16:22', NULL, 'rancerios123', '2026-03-14 15:15:59', '$2b$10$vfV.vuqlyL5cevaFa80a6uDUZlPIYM8/3sOwcT4zlCerQAwaUqZie', 1, NULL, 'Male', NULL, 0, NULL, NULL, 0, NULL, 0, NULL, NULL, NULL, NULL, 0),
(41, 'justinecandido@gmail.com', NULL, NULL, 'Justine', 'Candido', '', NULL, 'client', 1, '2026-02-17 13:44:57', '2026-03-08 03:12:31', NULL, 'justine', NULL, '$2b$10$gef1IVPhVNK7TpsVKQS7V.N2q5D9Y6cck41lSAt80d38JUnpdnIYK', 1, NULL, 'Male', NULL, 0, NULL, NULL, 0, NULL, 0, NULL, NULL, NULL, NULL, 0),
(42, 'dinshammykenan012@gmail.com', NULL, 'Null', 'Shammy Kenan', 'Din', '', NULL, 'client', 1, '2026-02-21 23:25:11', '2026-03-06 05:37:36', NULL, 'shamsham', '0000-00-00 00:00:00', '$2b$10$ZLeOtvL44AitP6LAOf7N2etxDK2hAv2igSSWO3hk96miQLz5JUrVe', 1, NULL, 'Male', NULL, 0, NULL, NULL, 0, NULL, 0, NULL, NULL, NULL, NULL, 0),
(43, 'tenfoldsplaymaker@gmail.com', NULL, NULL, 'John', 'Doe', 'Lidnay', NULL, 'client', 1, '2026-02-28 14:04:33', '2026-02-28 14:06:32', NULL, 'jasmine', NULL, '$2b$10$d9xhRiOPlXhvsOLVNDSR3e360KBgpj2nZsRUwuNRf1sGHYn6Mxar2', 1, NULL, 'Male', NULL, 0, NULL, NULL, 0, NULL, 0, NULL, NULL, NULL, NULL, 0),
(60, 'rancerios1223@gmail.com', NULL, '4f46d8d48909ef11420bfef8481f148056383382a93dba4cf77ad075e4bb5cc0', NULL, NULL, NULL, NULL, 'client', 1, '2026-03-08 02:24:02', '2026-03-08 02:24:02', NULL, 'rancerios1231231', '2026-03-08 02:29:02', '$2b$10$DdbYzALtrtf56H3ILOexQ.LIMAeUHNZeLbEyriqbduqm.QCUcNft6', 0, NULL, NULL, NULL, 0, NULL, NULL, 0, NULL, 0, NULL, NULL, NULL, NULL, 0),
(61, 'ASDFA', NULL, 'a5d2d7083c4eef4bd58ca673595e4ebcb99e9de3a267a971fd10a1b286b36577', 'asdfasdf', 'asdfasdf', 'asdf', NULL, 'client', 1, '2026-03-12 01:18:52', '2026-03-14 09:14:54', NULL, 'ranceriossssssss', '2026-03-12 01:23:52', '$2b$10$jHkaaBKdGWS.zGU1vSBKduyk.0TDXCghwSGohcg91y960pFDRECqO', 1, NULL, 'Male', NULL, 0, NULL, NULL, 0, NULL, 0, NULL, NULL, NULL, '2026-03-14 08:04:26', 0),
(62, 'rancerios123@gmail.com', NULL, NULL, 'adsfas', 'adsf', '', NULL, 'client', 1, '2026-03-14 07:26:48', '2026-03-14 13:13:05', NULL, 'ranceriosss', NULL, '$2b$10$vfV.vuqlyL5cevaFa80a6uDUZlPIYM8/3sOwcT4zlCerQAwaUqZie', 1, NULL, 'Male', NULL, 0, NULL, NULL, 0, NULL, 0, NULL, NULL, NULL, NULL, 0),
(63, 'rain.rios@fastek.ph', NULL, NULL, 'asdfasdfadsf', 'asdfasdf', 'asdfasdf', NULL, 'client', 1, '2026-03-14 15:16:30', '2026-03-14 15:18:04', NULL, 'rainrain', NULL, '$2b$10$sMNRK5B4HR43LoK7tFOdIeIQdJkNxozNOYW1yvC3H2mpiHio6LplG', 1, NULL, 'Female', NULL, 0, NULL, NULL, 0, NULL, 0, NULL, NULL, NULL, NULL, 0);

-- --------------------------------------------------------

--
-- Table structure for table `user_bans`
--

CREATE TABLE `user_bans` (
  `ban_id` int(11) NOT NULL,
  `user_id` int(11) NOT NULL,
  `banned_by` int(11) NOT NULL,
  `ban_type` enum('3_days','30_days','permanent') NOT NULL,
  `ban_until` timestamp NULL DEFAULT NULL,
  `ban_reason` varchar(500) NOT NULL DEFAULT '',
  `is_active` tinyint(1) NOT NULL DEFAULT 1,
  `created_at` timestamp NOT NULL DEFAULT current_timestamp(),
  `lifted_at` timestamp NULL DEFAULT NULL,
  `lifted_by` int(11) DEFAULT NULL
) ENGINE=InnoDB DEFAULT CHARSET=utf8mb4 COLLATE=utf8mb4_general_ci;

--
-- Dumping data for table `user_bans`
--

INSERT INTO `user_bans` (`ban_id`, `user_id`, `banned_by`, `ban_type`, `ban_until`, `ban_reason`, `is_active`, `created_at`, `lifted_at`, `lifted_by`) VALUES
(1, 39, 16, 'permanent', NULL, 'adfsasdf', 0, '2026-03-08 03:07:39', '2026-03-08 03:09:15', 16),
(2, 41, 16, '3_days', '2026-03-11 03:09:52', '', 0, '2026-03-08 03:09:52', '2026-03-08 03:09:57', 16),
(3, 41, 16, '3_days', '2026-03-11 03:10:42', '', 0, '2026-03-08 03:10:42', '2026-03-08 03:12:31', 16),
(4, 39, 16, '3_days', '2026-03-11 03:12:38', '', 0, '2026-03-08 03:12:38', '2026-03-08 03:12:41', 16),
(5, 39, 16, '3_days', '2026-03-11 03:13:59', '', 0, '2026-03-08 03:13:59', '2026-03-08 03:14:10', 16),
(6, 39, 16, '3_days', '2026-03-12 03:22:12', '', 0, '2026-03-09 03:22:12', '2026-03-09 03:24:30', 16);

-- --------------------------------------------------------

--
-- Table structure for table `user_sessions`
--

CREATE TABLE `user_sessions` (
  `session_id` int(11) NOT NULL,
  `user_id` int(11) NOT NULL,
  `socket_id` varchar(100) NOT NULL,
  `connected_at` timestamp NOT NULL DEFAULT current_timestamp(),
  `disconnected_at` timestamp NULL DEFAULT NULL
) ENGINE=InnoDB DEFAULT CHARSET=utf8mb4 COLLATE=utf8mb4_general_ci;

--
-- Indexes for dumped tables
--

--
-- Indexes for table `account_deletion_requests`
--
ALTER TABLE `account_deletion_requests`
  ADD PRIMARY KEY (`request_id`),
  ADD KEY `idx_user_id` (`user_id`);

--
-- Indexes for table `appointments`
--
ALTER TABLE `appointments`
  ADD PRIMARY KEY (`appointment_id`),
  ADD KEY `client_id` (`client_id`);

--
-- Indexes for table `appointment_service`
--
ALTER TABLE `appointment_service`
  ADD PRIMARY KEY (`id`),
  ADD KEY `appointment_id` (`appointment_id`),
  ADD KEY `service_id` (`service_id`);

--
-- Indexes for table `appointment_time_slots`
--
ALTER TABLE `appointment_time_slots`
  ADD PRIMARY KEY (`slot_id`),
  ADD UNIQUE KEY `unique_slot` (`appointment_date`,`appointment_time`),
  ADD KEY `idx_date_available` (`appointment_date`,`is_available`),
  ADD KEY `idx_date_time` (`appointment_date`,`appointment_time`);

--
-- Indexes for table `audit_logs`
--
ALTER TABLE `audit_logs`
  ADD PRIMARY KEY (`id`);

--
-- Indexes for table `chat_conversations`
--
ALTER TABLE `chat_conversations`
  ADD PRIMARY KEY (`conversation_id`),
  ADD KEY `admin_id` (`admin_id`),
  ADD KEY `idx_client` (`client_id`),
  ADD KEY `idx_status` (`status`),
  ADD KEY `idx_status_last_msg` (`status`,`last_message_at`);

--
-- Indexes for table `chat_messages`
--
ALTER TABLE `chat_messages`
  ADD PRIMARY KEY (`message_id`),
  ADD KEY `sender_id` (`sender_id`),
  ADD KEY `idx_conversation` (`conversation_id`),
  ADD KEY `idx_created` (`created_at`),
  ADD KEY `idx_is_deleted_read` (`is_deleted`,`is_read`),
  ADD KEY `idx_unread_by_conv` (`conversation_id`,`sender_id`,`is_read`,`is_deleted`);

--
-- Indexes for table `document_process_transaction`
--
ALTER TABLE `document_process_transaction`
  ADD PRIMARY KEY (`transaction_id`),
  ADD KEY `client_id` (`client_id`),
  ADD KEY `created_by` (`created_by`),
  ADD KEY `service_id` (`service_id`),
  ADD KEY `current_status_id` (`current_status_id`);

--
-- Indexes for table `document_process_transaction_timestamp`
--
ALTER TABLE `document_process_transaction_timestamp`
  ADD PRIMARY KEY (`timestamp_id`),
  ADD KEY `transaction_id` (`transaction_id`),
  ADD KEY `status_id` (`status_id`),
  ADD KEY `changed_by` (`changed_by`);

--
-- Indexes for table `document_process_transaction_timestamp_photo`
--
ALTER TABLE `document_process_transaction_timestamp_photo`
  ADD PRIMARY KEY (`ID`),
  ADD KEY `timestamp_id` (`timestamp_id`);

--
-- Indexes for table `holidays`
--
ALTER TABLE `holidays`
  ADD PRIMARY KEY (`holiday_id`),
  ADD KEY `idx_holiday_date` (`holiday_date`),
  ADD KEY `idx_month_day` (`month`,`day`),
  ADD KEY `idx_active` (`is_active`);

--
-- Indexes for table `magic_link_tokens`
--
ALTER TABLE `magic_link_tokens`
  ADD PRIMARY KEY (`id`),
  ADD UNIQUE KEY `token_hash` (`token_hash`),
  ADD KEY `idx_token_hash` (`token_hash`),
  ADD KEY `idx_user_expires` (`user_id`,`expires_at`);

--
-- Indexes for table `notifications`
--
ALTER TABLE `notifications`
  ADD PRIMARY KEY (`notification_id`),
  ADD KEY `idx_user_read` (`user_id`,`is_read`),
  ADD KEY `idx_created` (`created_at`),
  ADD KEY `idx_type` (`type`),
  ADD KEY `idx_type_user` (`type`,`user_id`);

--
-- Indexes for table `services`
--
ALTER TABLE `services`
  ADD PRIMARY KEY (`service_id`),
  ADD UNIQUE KEY `unique_service_name` (`service_name`);

--
-- Indexes for table `status`
--
ALTER TABLE `status`
  ADD PRIMARY KEY (`status_id`);

--
-- Indexes for table `testimonials`
--
ALTER TABLE `testimonials`
  ADD PRIMARY KEY (`testimonial_id`),
  ADD UNIQUE KEY `unique_transaction_testimonial` (`transaction_id`),
  ADD KEY `idx_user_id` (`user_id`);

--
-- Indexes for table `users`
--
ALTER TABLE `users`
  ADD PRIMARY KEY (`id`),
  ADD UNIQUE KEY `username` (`username`),
  ADD UNIQUE KEY `email` (`email`),
  ADD UNIQUE KEY `phone_number` (`phone_number`),
  ADD KEY `idx_email` (`email`),
  ADD KEY `idx_phone_number` (`phone_number`),
  ADD KEY `idx_last_name` (`last_name`),
  ADD KEY `idx_first_name` (`first_name`),
  ADD KEY `idx_ban_until` (`ban_until`),
  ADD KEY `idx_deleted_at` (`deleted_at`),
  ADD KEY `idx_online` (`is_online`);

--
-- Indexes for table `user_bans`
--
ALTER TABLE `user_bans`
  ADD PRIMARY KEY (`ban_id`),
  ADD KEY `idx_user_id` (`user_id`),
  ADD KEY `idx_is_active` (`is_active`),
  ADD KEY `user_bans_ibfk_2` (`banned_by`);

--
-- Indexes for table `user_sessions`
--
ALTER TABLE `user_sessions`
  ADD PRIMARY KEY (`session_id`),
  ADD KEY `idx_user_session` (`user_id`,`disconnected_at`);

--
-- AUTO_INCREMENT for dumped tables
--

--
-- AUTO_INCREMENT for table `account_deletion_requests`
--
ALTER TABLE `account_deletion_requests`
  MODIFY `request_id` int(11) NOT NULL AUTO_INCREMENT, AUTO_INCREMENT=7;

--
-- AUTO_INCREMENT for table `appointments`
--
ALTER TABLE `appointments`
  MODIFY `appointment_id` int(11) NOT NULL AUTO_INCREMENT, AUTO_INCREMENT=41;

--
-- AUTO_INCREMENT for table `appointment_service`
--
ALTER TABLE `appointment_service`
  MODIFY `id` int(11) NOT NULL AUTO_INCREMENT, AUTO_INCREMENT=85;

--
-- AUTO_INCREMENT for table `appointment_time_slots`
--
ALTER TABLE `appointment_time_slots`
  MODIFY `slot_id` int(11) NOT NULL AUTO_INCREMENT, AUTO_INCREMENT=355;

--
-- AUTO_INCREMENT for table `audit_logs`
--
ALTER TABLE `audit_logs`
  MODIFY `id` int(11) NOT NULL AUTO_INCREMENT, AUTO_INCREMENT=21;

--
-- AUTO_INCREMENT for table `chat_conversations`
--
ALTER TABLE `chat_conversations`
  MODIFY `conversation_id` int(11) NOT NULL AUTO_INCREMENT, AUTO_INCREMENT=17;

--
-- AUTO_INCREMENT for table `chat_messages`
--
ALTER TABLE `chat_messages`
  MODIFY `message_id` int(11) NOT NULL AUTO_INCREMENT, AUTO_INCREMENT=165;

--
-- AUTO_INCREMENT for table `document_process_transaction`
--
ALTER TABLE `document_process_transaction`
  MODIFY `transaction_id` int(11) NOT NULL AUTO_INCREMENT, AUTO_INCREMENT=58;

--
-- AUTO_INCREMENT for table `document_process_transaction_timestamp`
--
ALTER TABLE `document_process_transaction_timestamp`
  MODIFY `timestamp_id` int(11) NOT NULL AUTO_INCREMENT, AUTO_INCREMENT=125;

--
-- AUTO_INCREMENT for table `document_process_transaction_timestamp_photo`
--
ALTER TABLE `document_process_transaction_timestamp_photo`
  MODIFY `ID` int(11) NOT NULL AUTO_INCREMENT, AUTO_INCREMENT=41;

--
-- AUTO_INCREMENT for table `holidays`
--
ALTER TABLE `holidays`
  MODIFY `holiday_id` int(11) NOT NULL AUTO_INCREMENT, AUTO_INCREMENT=14;

--
-- AUTO_INCREMENT for table `magic_link_tokens`
--
ALTER TABLE `magic_link_tokens`
  MODIFY `id` int(11) NOT NULL AUTO_INCREMENT, AUTO_INCREMENT=31;

--
-- AUTO_INCREMENT for table `notifications`
--
ALTER TABLE `notifications`
  MODIFY `notification_id` int(11) NOT NULL AUTO_INCREMENT, AUTO_INCREMENT=173;

--
-- AUTO_INCREMENT for table `services`
--
ALTER TABLE `services`
  MODIFY `service_id` int(11) NOT NULL AUTO_INCREMENT, AUTO_INCREMENT=20;

--
-- AUTO_INCREMENT for table `status`
--
ALTER TABLE `status`
  MODIFY `status_id` int(11) NOT NULL AUTO_INCREMENT, AUTO_INCREMENT=7;

--
-- AUTO_INCREMENT for table `testimonials`
--
ALTER TABLE `testimonials`
  MODIFY `testimonial_id` int(11) NOT NULL AUTO_INCREMENT, AUTO_INCREMENT=3;

--
-- AUTO_INCREMENT for table `users`
--
ALTER TABLE `users`
  MODIFY `id` int(11) NOT NULL AUTO_INCREMENT, AUTO_INCREMENT=64;

--
-- AUTO_INCREMENT for table `user_bans`
--
ALTER TABLE `user_bans`
  MODIFY `ban_id` int(11) NOT NULL AUTO_INCREMENT, AUTO_INCREMENT=7;

--
-- AUTO_INCREMENT for table `user_sessions`
--
ALTER TABLE `user_sessions`
  MODIFY `session_id` int(11) NOT NULL AUTO_INCREMENT;

--
-- Constraints for dumped tables
--

--
-- Constraints for table `account_deletion_requests`
--
ALTER TABLE `account_deletion_requests`
  ADD CONSTRAINT `adr_ibfk_1` FOREIGN KEY (`user_id`) REFERENCES `users` (`id`) ON DELETE CASCADE;

--
-- Constraints for table `appointments`
--
ALTER TABLE `appointments`
  ADD CONSTRAINT `appointments_ibfk_1` FOREIGN KEY (`client_id`) REFERENCES `users` (`id`) ON DELETE CASCADE;

--
-- Constraints for table `appointment_service`
--
ALTER TABLE `appointment_service`
  ADD CONSTRAINT `appointment_service_ibfk_1` FOREIGN KEY (`appointment_id`) REFERENCES `appointments` (`appointment_id`) ON DELETE CASCADE;

--
-- Constraints for table `chat_conversations`
--
ALTER TABLE `chat_conversations`
  ADD CONSTRAINT `chat_conversations_ibfk_1` FOREIGN KEY (`client_id`) REFERENCES `users` (`id`) ON DELETE CASCADE,
  ADD CONSTRAINT `chat_conversations_ibfk_2` FOREIGN KEY (`admin_id`) REFERENCES `users` (`id`) ON DELETE SET NULL;

--
-- Constraints for table `chat_messages`
--
ALTER TABLE `chat_messages`
  ADD CONSTRAINT `chat_messages_ibfk_1` FOREIGN KEY (`conversation_id`) REFERENCES `chat_conversations` (`conversation_id`) ON DELETE CASCADE,
  ADD CONSTRAINT `chat_messages_ibfk_2` FOREIGN KEY (`sender_id`) REFERENCES `users` (`id`) ON DELETE CASCADE;

--
-- Constraints for table `document_process_transaction`
--
ALTER TABLE `document_process_transaction`
  ADD CONSTRAINT `document_process_transaction_ibfk_1` FOREIGN KEY (`client_id`) REFERENCES `users` (`id`),
  ADD CONSTRAINT `document_process_transaction_ibfk_2` FOREIGN KEY (`created_by`) REFERENCES `users` (`id`),
  ADD CONSTRAINT `document_process_transaction_ibfk_3` FOREIGN KEY (`service_id`) REFERENCES `services` (`service_id`),
  ADD CONSTRAINT `document_process_transaction_ibfk_4` FOREIGN KEY (`current_status_id`) REFERENCES `status` (`status_id`);

--
-- Constraints for table `document_process_transaction_timestamp`
--
ALTER TABLE `document_process_transaction_timestamp`
  ADD CONSTRAINT `document_process_transaction_timestamp_ibfk_1` FOREIGN KEY (`transaction_id`) REFERENCES `document_process_transaction` (`transaction_id`),
  ADD CONSTRAINT `document_process_transaction_timestamp_ibfk_2` FOREIGN KEY (`status_id`) REFERENCES `status` (`status_id`),
  ADD CONSTRAINT `document_process_transaction_timestamp_ibfk_3` FOREIGN KEY (`changed_by`) REFERENCES `users` (`id`);

--
-- Constraints for table `document_process_transaction_timestamp_photo`
--
ALTER TABLE `document_process_transaction_timestamp_photo`
  ADD CONSTRAINT `document_process_transaction_timestamp_photo_ibfk_1` FOREIGN KEY (`timestamp_id`) REFERENCES `document_process_transaction_timestamp` (`timestamp_id`) ON DELETE CASCADE;

--
-- Constraints for table `magic_link_tokens`
--
ALTER TABLE `magic_link_tokens`
  ADD CONSTRAINT `fk_mlt_user` FOREIGN KEY (`user_id`) REFERENCES `users` (`id`) ON DELETE CASCADE;

--
-- Constraints for table `notifications`
--
ALTER TABLE `notifications`
  ADD CONSTRAINT `notifications_ibfk_1` FOREIGN KEY (`user_id`) REFERENCES `users` (`id`) ON DELETE CASCADE;

--
-- Constraints for table `testimonials`
--
ALTER TABLE `testimonials`
  ADD CONSTRAINT `testimonials_ibfk_1` FOREIGN KEY (`transaction_id`) REFERENCES `document_process_transaction` (`transaction_id`) ON DELETE CASCADE,
  ADD CONSTRAINT `testimonials_ibfk_2` FOREIGN KEY (`user_id`) REFERENCES `users` (`id`) ON DELETE CASCADE;

--
-- Constraints for table `user_bans`
--
ALTER TABLE `user_bans`
  ADD CONSTRAINT `user_bans_ibfk_1` FOREIGN KEY (`user_id`) REFERENCES `users` (`id`) ON DELETE CASCADE,
  ADD CONSTRAINT `user_bans_ibfk_2` FOREIGN KEY (`banned_by`) REFERENCES `users` (`id`);

--
-- Constraints for table `user_sessions`
--
ALTER TABLE `user_sessions`
  ADD CONSTRAINT `user_sessions_fk1` FOREIGN KEY (`user_id`) REFERENCES `users` (`id`) ON DELETE CASCADE;
COMMIT;

/*!40101 SET CHARACTER_SET_CLIENT=@OLD_CHARACTER_SET_CLIENT */;
/*!40101 SET CHARACTER_SET_RESULTS=@OLD_CHARACTER_SET_RESULTS */;
/*!40101 SET COLLATION_CONNECTION=@OLD_COLLATION_CONNECTION */;
